, madhu_16, madhu_17, madhu_18, madhu_19, madhu_20, madhu_21, madhu_22, madhu_23, madhu_24, madhu_25, madhu_26, madhu_27, madhu_28, madhu_29, madhu_30
,PRC,PRC,PRC,PRC,PRC,PRW,PRW,PRW,PRW,PRW,PR_NTN,PR_NTN,PR_NTN,PR_NTN,PR_NTN
"1,2-Cyclohexanedione 4_179",1057.420738,786.923339,1282.338806,0,0,1140.010178,0,0,0,0,0,0,0,800.8907234,0
"1,3-diaminopropane_29",39630.53288,54612.443,114921.3406,15986.13877,21688.18931,35171.81703,147449.07,104456.8274,34959.27712,96937.2656,79823.89351,75121.33142,42058.26794,77363.13972,124860.1136
"1,5-Anhydroglucitol_494",6747.21447,5977.423059,4700.338325,6245.157163,2993.367145,6536.572963,7298.101094,6440.736282,5758.020295,6192.941439,4338.891948,4326.645209,4338.062287,5630.053731,7523.752339
1-Monopalmitin_455,102916.9262,87813.09021,87813.96768,100314.8636,97267.14064,107163.0477,81643.15515,72646.22173,88039.59599,84652.17084,89031.96968,85035.5004,104851.8867,107520.4018,80946.5302
"2,3-Dimethylsuccinic acid_235",68327.80582,70953.56711,152236.1587,88370.60428,13460.26941,56649.67613,25460.56021,59588.50539,110499.5941,80992.85011,46549.86009,67819.4853,61885.92898,83390.52567,95276.54776
2-Deoxyerythritol_155,40965.36077,32687.21442,26636.60222,34744.1758,17694.87303,28696.45223,15099.91927,14782.4293,30826.62408,19820.95261,11297.9659,12386.91802,9968.456647,20548.42167,19840.57247
2-hydroxypyridine_10,21762.97217,13224.33979,14469.52923,17027.85045,23549.79351,12064.09145,75109.83149,15638.26853,12027.26436,20376.16395,14016.1205,11547.79942,13300.67007,15825.20048,18277.8804
2-Monopalmitin_446,2678.50383,2626.850638,2947.148634,1680.089227,1234.156762,2424.382526,2122.178952,1534.182266,2269.76264,1816.724121,1853.375799,1668.171062,2788.799614,2651.033203,1869.735652
2-Monopalmitin_497,37236.15257,29469.68645,30586.32026,26338.95218,24313.97438,37114.96315,33338.80323,24681.69043,35699.55128,31150.81232,29385.37395,27454.40112,48114.73299,38362.20239,32654.74976
2-Monopalmitin_593,5897.463464,0,7366.53265,0,6105.033944,6307.199331,0,9553.809103,9618.894466,0,7379.980513,8070.01961,11244.00591,7939.362771,12080.21541
"3,4-Dihydroxymandelic acid_314",0,499.0808186,0,0,0,528.7814277,0,0,435.1091845,0,0,0,0,0,478.8207675
3-Aminoisobutyric acid 2_13,0,0,0,0,0,0,0,0,0,0,0,0,0,0,0
3-Hydroxypropionic acid 1_41,2466.809331,3183.359887,2885.85731,2704.50788,1914.097704,2300.377267,2353.026352,2304.718582,2340.242881,1685.286821,1881.09929,1902.064657,1625.545386,2204.741781,2453.711224
4-aminobutyric acid 1_134,456802.963,1061716.698,579931.6627,272912.8213,248272.1439,847972.4253,2455336.792,756940.3848,535762.4273,2024647.053,526590.5679,778926.2177,1012327.092,450859.0888,1784497.19
4-aminobutyric acid 2_76,0,15784.01168,16590.60559,14406.85745,3583.321348,0,32366.79884,20781.71678,7692.346722,20382.94522,0,10187.63572,8632.606522,0,17836.61806
4-aminobutyric acid 3_44,9182.766138,24487.28473,11895.58417,4863.036164,4617.387017,14862.19008,96808.67748,30434.94303,14362.63004,32731.06376,9334.375433,13292.16241,15963.51266,7446.803609,35010.83394
4-Hydroxyphenylethanol_151,36300.73279,27123.29078,0,0,0,28569.694,14501.92352,0,0,0,10672.9811,9942.739903,12555.94512,0,12097.27388
5-Aminovaleric acid 2_254,0,3982.163319,0,0,0,5983.695766,0,23255.52723,0,23737.46343,14327.46685,9571.325685,7228.160221,8428.297141,25372.7907
5-Methoxytryptamine 2_193,3807.070368,5815.488048,14806.77004,7260.308218,1688.353126,4963.628811,6606.269678,26948.24366,7979.484903,26177.33162,23070.91093,12549.71483,14212.0956,27166.52444,36972.49299
5-Methoxytryptamine 2_280,1496560.44,1770065.802,4170574.276,1056577.671,136392.5666,1623350.286,1831791.518,4088608.193,3862855.104,1791092.688,1388129.267,2240886.06,1595595.275,4102197.233,3016031.272
5-Methoxytryptamine 2_315,18049.95471,18632.54216,41753.48532,6025.008156,1652.472093,16264.06543,20469.92259,27157.06695,31523.77573,18183.31103,15266.49799,15101.86493,17565.03617,24411.11602,20290.92094
5-Methoxytryptamine 2_325,232643.8196,227849.5848,178726.1417,160192.9875,34012.81419,238466.6533,354418.2988,368439.3093,301663.5832,308984.4246,196504.8246,213005.9417,164936.1288,234065.2181,296145.2288
5-Methoxytryptamine 2_333,17936.50875,10887.58387,16557.03881,11760.9549,10956.91852,15074.10714,24163.88631,23685.14102,22887.86682,15541.55193,17051.70373,17413.52328,12334.46187,16703.95621,20984.18218
5-Methoxytryptamine 2_421,212651.2411,299623.4255,162395.2802,157429.8917,48272.2976,238077.4796,176589.767,181887.8584,262674.2185,216295.5383,177473.3706,228199.4523,153147.0621,296573.5819,233444.3045
5-Methoxytryptamine 2_542,8107.440352,0,14494.65318,0,2320.944188,7024.033768,19449.02477,19473.72159,12225.12746,9039.796277,13169.94681,11510.11189,12475.01198,12622.88691,13906.44862
5-Methoxytryptamine 2_609,4438.50409,5761.104471,17695.64058,0,0,0,13289.0528,10020.32809,10383.36031,5687.006753,6807.382249,5212.349808,6081.243793,5785.450539,8370.675894
6-phosphogluconic acid_395,0,1180.377147,2568.121919,2161.49949,0,0,0,0,1761.742698,2295.142004,0,0,0,1301.962405,2498.045031
8-Aminocaprylic acid_245,132934.425,113763.3137,314835.751,73459.82604,74292.12386,101737.9795,274324.9051,331095.5973,145083.2013,282047.7588,195933.4727,164996.6606,96320.99166,173892.1092,283000.7601
8-Aminocaprylic acid_487,0,237474.1995,257016.5985,138543.0057,432287.8817,0,0,164842.061,190308.6964,234315.3455,0,98921.53704,176849.4435,127708.617,190835.2966
8-Aminocaprylic acid_581,6291.047395,4000.083317,7843.554374,7272.60675,0,5357.713345,5160.547802,11969.90392,11539.23462,5070.064285,4048.617355,4863.141136,4557.211472,9206.451208,5312.169847
Aconitic Acid_211,878.9328314,1638.493801,1117.182796,636.2707816,574.2285365,1449.317227,1224.432059,411.3379266,3452.646543,1184.387686,832.2827243,949.6158748,1199.748257,1365.122365,2359.281509
adenine_263,0,63652.14738,139841.9343,0,0,60376.46334,218157.4002,0,60168.17296,0,0,60201.33434,77423.93402,51410.19857,173593.7726
alanine 1_31,224033.221,231919.5281,224356.2447,215434.3536,84265.7759,292369.6283,544882.5906,98705.38195,149471.3177,108387.5297,91146.12176,229905.1426,113983.1012,69658.12769,517629.2173
allose 2_332,81590.71646,58200.26522,38191.03902,71824.06031,47826.26881,65790.88991,45059.09442,48820.4982,55602.81519,43221.86018,33513.76963,25127.67801,29752.83657,40174.28042,33557.99067
allose 2_336,2731.050115,2929.093834,1681.539347,3311.766087,3339.651977,3143.523429,3576.941025,2511.048927,2439.626652,2035.353781,2165.960833,1795.292339,1852.994233,2595.785338,2510.078604
allose 2_343,16004.3229,6968.730923,4736.115704,10071.02429,6245.180237,8924.7291,4835.13092,5498.027261,7546.531071,5345.317083,3951.654926,2278.63464,3612.078391,4332.727023,3222.907122
alpha-Aminoadipic acid_198,0,1466.309504,6651.90715,1262.309338,0,0,1103.442414,0,1691.601053,1509.810902,0,0,1375.538508,1891.528581,2424.482596
alpha-ketoglutaric acid_150,65791.8617,52982.2511,62356.51815,83153.71813,131160.3582,72651.39217,32370.90735,32414.14274,48992.97633,55153.0841,21182.88278,20363.12917,24876.31369,42034.12551,11934.27335
alpha-Tocopherol_596,27192.08181,23091.9727,18799.54446,37791.35625,25338.04137,34584.90493,19602.58359,16297.8152,26110.65756,19746.83984,18824.2012,18456.35886,24162.49924,24507.23683,16327.85637
Aminomalonic acid_111,1082.835354,1403.338234,0,1537.652856,0,822.0471873,1049.537398,0,1458.334425,1213.784374,0,0,0,919.9723349,629.7751895
Arachidic acid_414,28135.87217,25831.17336,29029.47806,22909.25123,14325.39081,33218.74796,27904.67127,22692.20167,32552.84012,23638.44587,23511.07749,21795.99991,39258.66917,34968.70667,28672.28891
arbutin_452,28125.23526,27505.79515,25370.85447,26087.23382,7926.536751,28787.09706,30172.97621,32720.07217,37101.82527,25903.89034,24069.14119,25448.60018,15704.77575,23286.7519,32502.53759
ascorbate_291,2737.635085,2626.855977,1622.435355,3081.792647,13289.85316,4706.631161,17151.66326,44313.06761,4158.676704,71740.73987,17659.15249,11637.01134,3267.709751,4406.170858,76751.75771
asparagine 1_180,3920.718444,6838.210574,22109.10671,6529.942349,3479.328472,5758.613473,13180.41886,6163.145135,7890.323065,14238.1087,3976.062944,6016.940081,6685.436554,6773.673809,22343.09419
asparagine 4_125,0,0,3724.889595,0,0,0,3326.842144,1914.03083,1996.734816,3775.240456,0,2036.550063,2679.169504,0,3822.694494
aspartic acid 1_131,29935.14098,91233.26331,242590.2908,101431.9807,5497.68855,35299.50883,66911.72425,89357.39888,89044.24363,144677.435,85654.34501,97554.1875,92517.54688,82785.62569,137096.0533
aspartic acid 2_103,62395.85878,52664.8787,137018.4317,73104.09853,24841.83601,56287.76379,133907.1327,83550.67699,55590.30405,105713.4448,59588.80615,69463.63497,57712.37151,87151.75726,275550.3872
benzoic acid_64,6583.455397,6000.591181,6028.267002,6721.041521,3298.731001,6816.256768,5677.712669,6235.888379,8231.146,7035.419311,4559.428188,4261.276073,5278.796161,6175.281071,6912.265498
beta-Alanine 2_42,8032.681512,7524.415043,4629.493438,10540.53286,7302.855218,8594.050717,5422.230223,2292.787623,3738.319176,3127.063745,2885.373477,3006.32697,3848.046722,4490.850693,85.13331964
beta-Glycerophosphoric acid_355,15274.04764,14643.7302,10513.84348,18453.58554,13316.6318,19458.68991,12764.48948,9463.16899,17495.61693,15713.56818,10377.15807,10171.67136,21770.40221,19486.98885,13785.04288
beta-Mannosylglycerate 1_168,12887.51898,11283.63439,11645.1908,12526.98036,6650.863506,9018.266834,5845.716845,6287.755565,9537.245565,7589.585162,6219.032006,6243.243479,5595.052677,7317.163768,5609.343914
beta-Mannosylglycerate 1_219,32303.32628,20938.07422,22696.18748,13590.24066,3858.446991,10108.75405,0,4330.494909,17821.5649,10074.00052,4166.846333,4217.496368,4586.46296,8887.478885,4608.106475
beta-Mannosylglycerate 1_243,1893807.186,1124298.307,2078198.368,1133749.023,115689.1716,459423.8995,157079.5175,404123.3456,1266911.711,1293661.872,127042.6901,172901.1809,248822.6841,430586.3504,160608.0648
beta-Mannosylglycerate 1_255,18397.41883,15427.51559,20996.17895,13505.76867,6872.440895,15523.60367,85620.19201,34033.64744,0,32188.56548,11227.38355,13056.40994,12294.80439,7282.82265,35418.51172
beta-Mannosylglycerate 1_271,2618983.571,1694275.586,3480582.325,1631803.227,623605.1714,917804.3047,0,1317781.028,1569094.741,2334706.009,341391.7478,352101.2067,443212.4774,688290.4583,441246.9766
beta-Mannosylglycerate 1_284,14833.08994,15281.95044,12195.54694,16507.15557,7694.546402,14706.9366,12714.38045,14627.98545,14669.83606,12062.8754,8026.265586,9250.726333,5848.207783,9730.888984,9104.806665
beta-Mannosylglycerate 1_296,3243270.89,2377639.513,4734957.228,2289780.858,955652.1122,1263855.518,767164.1883,1579606.955,2197221.021,3078363.797,510515.4621,532458.2305,709284.7813,1075524.773,650629.3143
beta-Mannosylglycerate 1_310,56632.87067,38749.12713,113033.6487,35079.1618,57880.31748,36761.93355,126841.421,148585.9904,34919.37419,77440.00041,47245.6447,35213.98914,38932.95332,44079.25685,75566.10457
beta-Mannosylglycerate 1_322,85550.44772,50072.60327,36384.46748,65159.89564,17937.59248,38394.00078,15120.04717,28315.97969,61410.2671,44660.48735,12013.42645,12741.79067,10135.91975,17549.37616,11778.80955
beta-Mannosylglycerate 1_323,5573.977648,5740.43002,4396.12927,0,4655.868536,6838.113161,7949.817994,7992.729904,7739.79184,6503.026557,6908.490086,5782.523066,5640.809424,6959.5976,6398.23238
beta-Mannosylglycerate 1_331,250909.5797,279963.6521,270851.3636,150866.2439,36868.96731,257140.16,130825.0329,196990.8661,277793.0558,190027.2844,157831.1656,163335.256,171466.4788,254867.2156,195464.2133
beta-Mannosylglycerate 1_347,17040.14078,15872.77455,15556.41272,7354.826369,2594.306777,15235.72654,10462.70325,13497.79102,14588.61939,10433.4622,10129.74933,8078.295558,8307.543396,12531.01552,10771.87247
beta-Mannosylglycerate 1_348,8033.84206,6985.253109,4337.257851,8057.841616,7280.830762,6665.147012,8106.73381,6709.634406,6324.022192,6433.067266,5489.879552,4431.237168,3326.017491,4567.836187,5749.689351
beta-Mannosylglycerate 1_351,6594.980424,5842.575515,3959.874576,6439.637971,3182.789225,6588.20747,6910.091912,6520.517739,7139.534336,6803.336773,5976.055749,5080.365682,2906.027419,4711.721362,5276.674718
beta-Mannosylglycerate 1_353,43427.90615,35648.75435,25510.08962,25963.51135,0,34683.9486,43213.99625,31915.01099,31332.40978,31766.43955,27157.0689,20101.8436,1981.537933,20998.54053,36807.84096
beta-Mannosylglycerate 1_354,10077.43759,7492.580321,8680.663656,13757.19677,7616.50165,24691.80763,16466.34705,25583.57948,26525.16273,26669.02767,38716.93186,28926.34857,20038.58272,28394.27925,34623.95381
beta-Mannosylglycerate 1_363,27336.24421,27780.71664,27059.72443,26844.45632,9241.2435,34500.87651,34582.24841,30169.12257,39150.73671,30153.12469,29751.58602,35060.28943,37087.04324,33264.94381,34582.24329
beta-Mannosylglycerate 1_370,90496.11068,70175.86543,51538.59186,94649.31331,22554.6013,48466.32058,28164.68032,42444.38841,78785.90691,72080.20968,18814.81451,24295.4816,13694.33619,28167.08406,21110.15515
beta-Mannosylglycerate 1_376,13119.94451,12260.54684,8313.480624,11252.45317,5203.481204,10143.48563,7571.292341,8004.307139,8916.083297,8106.219836,6372.722492,6616.360192,5638.258946,11513.16162,7066.585649
beta-Mannosylglycerate 1_377,22164.99833,19407.16718,13636.74087,16070.35289,7246.836442,17234.06853,12565.49551,12067.0882,14909.96153,12526.76555,9686.439136,9321.287664,9498.597238,0,11248.41416
beta-Mannosylglycerate 1_381,299210.0148,643167.8484,484986.6852,146843.8514,214949.0228,767755.3908,4692624.831,902233.8942,395417.509,1202762.677,505529.447,824559.5579,837767.7387,359931.4854,2710835.352
beta-Mannosylglycerate 1_387,34045.94292,33698.0445,25018.49492,37288.85873,21010.35543,31288.08134,33945.42671,32385.59497,31692.89711,29002.47531,22110.41587,18390.55533,15927.53377,24203.81044,21316.63256
beta-Mannosylglycerate 1_390,16288.55022,15880.4465,11430.51651,15934.72905,6707.477942,13329.03394,9234.945162,13033.04135,13876.71543,11301.13997,6960.726684,9286.680456,7803.33234,10824.07045,8685.530667
beta-Mannosylglycerate 1_392,33131.84942,36386.24299,29690.39883,33696.68403,19332.76824,3982.073432,5644.681982,29809.22313,35150.16796,32782.86524,19794.69313,17010.14601,20137.81684,30487.63458,18540.52837
beta-Mannosylglycerate 1_400,476412.3081,433618.9357,330205.0118,418429.2755,175403.2395,435102.6803,327988.7043,357727.4446,419368.4315,356073.3553,260003.4325,256669.7675,277052.3155,384528.1844,262947.6919
beta-Mannosylglycerate 1_401,646.3641806,0,0,0,3504.6245,0,28353.77299,30303.58615,34759.95267,34639.62603,20013.31902,23068.48471,20256.57753,28674.85684,43002.05287
beta-Mannosylglycerate 1_408,35570.50425,35210.54062,25102.95202,38807.012,15073.55867,32108.05846,35482.54631,38905.25129,35544.67298,29309.02511,24752.09713,24921.87348,18244.95233,26332.85409,30481.7642
beta-Mannosylglycerate 1_423,14381.7538,11824.47883,0,10799.91427,6954.214788,15646.55379,0,10387.8575,10035.4061,8566.227356,16041.16332,0,0,7281.847976,0
beta-Mannosylglycerate 1_429,556318.6457,493958.4848,448982.6188,547229.4391,324793.3266,503922.3692,448274.0096,473646.8196,624043.9443,468922.2454,329344.2728,415387.8895,269106.6409,421706.3701,506320.6541
beta-Mannosylglycerate 1_437,5763.362769,6241.734365,0,7900.689065,5621.99129,5792.525052,5590.70765,6247.139482,5954.47222,6778.230944,4956.122988,5923.056793,3703.933115,4784.765241,6760.599431
beta-Mannosylglycerate 1_440,0,1794.218075,1848.861155,0,0,1522.082083,2909.630544,1561.972139,151.5843817,1758.336044,2574.28977,2939.027306,2412.069988,38.72200263,3818.234661
beta-Mannosylglycerate 1_472,77089.47032,46834.68912,22896.51283,59234.71693,39031.34502,53508.14951,0,27992.29247,45920.49365,31169.148,17576.24145,16626.77441,23476.24825,28524.14398,22909.37512
beta-Mannosylglycerate 1_475,0,0,0,577.5654992,0,0,0,0,0,0,0,0,0,0,0
beta-Mannosylglycerate 1_479,20297.77016,24235.93168,20370.93219,19971.59705,4114.98868,18601.35165,12481.97896,16709.52277,17553.60055,16450.38367,14063.19424,17443.96821,13481.18495,19158.35879,0
beta-Mannosylglycerate 1_485,1828.250092,0,13229.40734,1753.25578,0,3298.655502,3457.331792,5510.930811,7617.885488,0,9488.426523,5571.477934,5190.569126,8763.000524,17860.33619
beta-Mannosylglycerate 1_518,0,0,5556.07956,7873.371707,2065.426864,5083.512622,6255.211302,5043.155373,8372.554467,0,4977.961019,4092.877193,5181.128867,7030.981443,7322.14018
beta-Mannosylglycerate 1_539,0,819.67943,1677.458517,0,50.05815059,0,619.93681,863.8412641,1214.202551,1267.222307,1531.881869,1004.582433,1157.694986,0,3210.085888
beta-Mannosylglycerate 1_610,16057.97812,21987.45874,12979.34933,23970.27843,5128.257292,22492.99596,7995.906852,16265.37078,24373.29596,12325.29525,8934.929154,18911.6114,8598.403405,18256.6621,17254.66435
beta-Mannosylglycerate 2_249,29993.69221,0,23674.6533,15036.92539,7758.402034,11577.61027,6289.707197,10082.44507,15529.84351,0,4571.699574,3168.681266,571.9250402,838.7493724,4379.279657
beta-Mannosylglycerate 2_250,0,0,0,0,0,0,0,85.67051159,0,0,907.496328,532.5358376,0,0,0
beta-Mannosylglycerate 2_465,6456.534158,0,0,1769.064284,75.38122001,0,799.0895706,1842.267221,2022.176884,2398.548565,1394.160536,1583.979383,1425.426411,2164.794878,3660.817837
beta-Mannosylglycerate 2_548,11458.98077,0,13693.77279,10579.75375,0,10111.13353,4562.224704,7220.894381,0,7668.425413,5108.717318,5858.029298,7658.155665,11398.41677,4536.286416
caffeic acid_339,133009.9362,112695.1409,88087.58571,104657.4105,57637.72588,3510.161097,61537.812,60851.26216,101776.3816,77961.7877,61227.62625,60791.45624,64717.9725,72375.53997,67104.56302
cellobiose 2_410,32341.75517,23851.20342,16656.0327,30745.51969,21863.10545,26562.93279,22763.27764,22442.39141,3015.979004,18943.48618,15183.48501,14397.3551,12937.79551,15636.38889,16688.31778
Chlorogenic Acid 2_522,0,0,401.5108455,0,998.4627928,1001.949422,792.3496735,622.3011452,1225.803858,1224.244314,1274.603186,977.9677618,918.1353733,988.4084037,1110.62084
Chlorogenic Acid 2_563,68497.1213,81226.90622,43267.97503,64045.21035,28122.34758,65780.0127,32770.69496,36420.72653,68766.96641,48311.38662,31357.08886,34718.91857,30551.7471,49729.48672,33532.60472
Chlorogenic Acid 2_568,74732.00937,94343.73904,52035.15063,64010.46902,17891.53517,71639.63804,32284.99225,38100.46165,70446.32373,51094.36756,36157.47912,38160.95519,27925.63229,51076.56126,40815.65475
Chlorogenic Acid 2_590,11483.49031,16798.01985,9083.000914,5761.319977,5435.78465,14222.83966,5926.166275,4642.775545,13221.06812,12547.66977,5332.411608,4976.052952,6608.628254,12272.52801,5431.581063
Chlorogenic Acid 2_591,1352810.377,1634323.414,849855.5196,1102299.083,440618.7374,1237532.212,491808.1983,544086.063,1293588.09,881527.1139,511279.344,556198.5935,494247.0875,835416.569,509827.6573
Chlorogenic Acid 2_599,1206404.643,1646593.086,829098.8265,980821.8384,240083.7339,1168826.546,381398.8963,459708.2023,1184527.939,704170.2709,464234.4378,544901.1576,414461.8797,775301.264,479184.3972
Chlorogenic Acid 2_603,233292.2071,264786.4699,128804.0468,185065.2808,48660.89297,207422.6695,100591.2854,129380.1156,211311.8777,146996.6778,86366.60959,99036.57866,75332.87013,103234.1218,103228.0493
Citramalic acid_113,8184.151196,7844.719158,5876.000804,4640.925037,6300.035266,7325.073137,6444.333569,3910.184777,6423.908911,8968.293397,4943.134871,5202.544213,3384.107003,7211.526675,11004.03622
citric acid_242,185983.1776,272335.9037,385011.5703,178610.9757,155347.0607,282445.9741,266517.667,109966.1224,608758.2532,467792.0483,241711.2479,397187.1134,491008.6998,529117.6418,1138776.63
conduritol b epoxide 2_206,2911.281004,3000.248458,4409.986465,4139.610198,0,2718.674309,1613.82942,2821.797803,3859.457249,2573.887224,0,0,0,3254.13763,2808.50783
conduritol b epoxide 2_329,1138.792472,967.8542417,474.9873841,0,497.5520864,1217.990095,0,0,210.6380913,872.6221205,0,473.14932,262.0759432,0,650.0723215
creatine degr_32,12418.34178,13784.96701,11285.047,9254.899808,6374.709624,9579.572173,7766.728254,7922.967194,9272.840869,8130.361287,5922.125906,4950.188595,5943.770191,6391.090456,4302.765017
D-(glycerol 1-phosphate)_217,32511.02876,34706.65112,38348.72132,38328.77245,26204.16259,33568.45659,23440.41828,19754.98507,32992.66938,36096.12628,24669.54921,30539.93856,41551.2459,43307.61476,38941.35969
D-(glycerol 1-phosphate)_352,10035.03538,11890.74879,23990.91432,9191.071616,5197.409604,9089.280959,9381.086907,14381.62218,13854.09933,17808.53368,11065.94343,12154.66958,10355.14603,16679.02772,23583.03126
D-Altrose 1_270,0,0,0,0,0,0,0,0,0,11120.31762,39277.07592,1704.084001,0,4844.531995,1400.070107
D-Altrose 2_338,71566.18818,25171.76699,23097.83364,23188.3893,18508.71799,25123.47618,19636.11662,22166.50122,19009.71951,28771.89828,19322.16742,9371.195653,12896.87587,17085.54549,22756.67249
D-Altrose 2_341,4980.32805,2217.775391,1505.705863,2953.214013,1564.323074,5653.153062,1305.715311,1813.906078,2292.970525,1570.770844,1211.684547,703.0513991,1032.547622,0,940.1103224
D-Arabitol_200,15563.52303,12975.17582,12682.96484,13455.04076,11545.84608,11850.33195,16980.02191,15696.8741,14008.35155,12685.97461,9990.466993,9614.637854,6880.950859,10074.45057,15811.58183
Dehydroascorbic Acid 2_253,46297.04989,27183.64932,35395.49756,0,82962.96146,33693.88423,0,90199.63615,28257.61782,127589.9814,57531.64975,29561.58728,28018.79304,30726.12583,86516.67429
D-erythronolactone 1_94,23736.63547,19306.37591,11504.55423,24459.86356,27446.87127,13638.90232,29095.17088,18821.32817,15880.95999,22647.50389,20915.63872,18776.58965,10275.27595,16776.62982,45620.66162
D-erythro-sphingosine 1_344,0,0,4401.817927,0,0,0,0,0,16336.50943,0,0,0,0,14584.30609,0
D-galacturonic acid 1_286,0,0,0,0,0,1586.72779,0,0,0,0,784.763646,0,0,0,0
d-Glucoheptose 1_393,186887.9062,0,0,203647.7876,115081.2467,167921.7672,201309.8046,170449.3696,151783.8377,158320.113,112344.9215,109266.8052,91706.48135,129711.2148,165477.1144
d-Glucoheptose 1_488,36732.3924,32598.23933,26401.0736,35439.08422,17835.03763,32100.74663,35776.3468,35619.76901,32797.71475,32616.20403,22492.22941,23939.72786,19947.96404,30978.23425,38163.93454
D-Glyceric acid_84,958539.8584,1243167.719,908200.1711,473539.526,663693.2604,780991.7216,683092.1952,279795.6882,603446.4807,840837.3859,451688.6245,397006.7567,266797.9432,607102.7749,651975.2438
Dihydroxyacetone_62,8301.942887,6760.935308,3907.940947,2940.746047,4819.769069,6461.148674,10091.11718,13461.88606,8364.39194,11045.8487,8400.9063,3484.987252,4059.532577,5294.336212,5873.092255
Dioctyl phthalate_444,129145.0063,116382.1505,106797.71,127944.1391,124345.9183,136519.8311,96990.07153,94621.57999,98221.43404,102953.5164,111392.1331,103283.0225,121306.5342,102550.2399,86734.36584
Erythrose 2_277,0,1494.77599,1351.993058,1848.287989,1729.608695,0,2859.209477,2606.716081,0,2218.845398,1396.076832,1391.72803,1442.924825,1476.401172,2028.283696
Ethanolamine_67,467083.3068,598535.323,204609.0754,345813.7413,241128.4875,643838.7035,629800.3769,389689.4579,424336.1181,432533.2982,194202.7848,263778.1236,349855.0633,228974.6685,448637.8024
Ethanolamine_83,0,0,0,0,1071.034035,0,0,0,1301.773875,0,969.7085914,0,926.4956662,941.6960582,0
fructose 1_186,17321.31347,15028.92394,13115.40419,14065.18102,9900.041323,13239.36132,14107.76406,15231.21422,13551.87967,13941.62118,9334.789071,8917.442415,6663.292639,9251.947222,14378.38909
fructose 1_261,0,7124167.743,0,0,29726.23214,32043.86494,0,0,0,0,0,18761.14973,0,0,0
fructose 1_262,0,0,0,0,5346513.918,6812188.257,0,0,5534999.895,7125514.9,4918527.269,3136966.474,4759845.722,5730696.219,5137979.773
fructose 1_266,3920385.714,0,2989096.009,0,0,0,2512328.011,2696258.625,1650042.969,2403445.055,3265.689823,0,0,0,1523362.693
fructose 2_264,0,0,0,0,0,0,0,0,0,0,0,0,0,0,0
fructose 2_265,0,0,0,0,0,6482155.936,0,0,0,6647518.663,4569590.362,2719142.705,4216179.734,5138481.886,0
fucose 1_195,16991.82496,9136.661497,5710.714044,14159.077,5164.693575,8615.759748,8284.816261,10404.85293,11301.02001,6866.087408,5268.941149,4102.619048,3510.45458,5599.40295,6313.828103
fucose 1_199,117860.4131,91732.56125,75016.53743,128127.2058,59557.01551,86011.73884,93253.05197,105793.3944,94924.66209,76854.71262,53172.41494,56488.35583,43753.17079,63505.66363,73032.2852
fucose 1_202,15648.71217,12263.60742,9828.220907,8970.738383,5397.778018,11099.34295,12199.4453,13875.14932,11407.73424,10707.02796,7010.835969,7046.742876,5676.323499,9013.310154,10527.80108
fucose 2_208,4080.027061,4080.689595,3191.246202,239.4153484,0,3777.716036,2877.960653,3209.241006,3547.811765,3352.531981,2236.009905,1851.415478,0,2818.019213,3192.768514
fumaric acid_87,279422.9565,573359.1312,145994.9727,200857.3248,121028.7347,315558.1093,378996.6835,166870.616,939932.699,334248.6197,143427.495,137715.092,123303.8823,172468.946,198109.2783
Galactinol 1_535,21598.60124,13016.9981,3103.787053,39110.03766,16095.21977,18261.33342,4521.498748,3454.700905,11392.73052,7153.463329,3109.735451,2589.06249,4835.930472,5317.232972,2497.01884
Galactinol 1_564,404081.1999,367909.6786,194221.9936,1088384.806,253293.8888,477510.6823,721501.4706,872976.6977,811791.981,543670.0905,244370.3831,233056.5321,347788.8181,628190.9051,244317.2928
Galactinol 1_565,9465.45476,8324.605025,5084.872293,12166.79136,9863.651754,6803.585518,6414.166466,8934.449608,8999.073431,5605.523914,4792.496717,4719.989862,3578.521832,6208.215011,4619.344553
Galactinol 2_549,85302.59963,76854.93625,85648.94283,57344.11722,30743.1256,70863.87929,58730.85163,45996.83449,0,55584.21552,61309.23089,51375.67418,61935.96824,81898.22432,62814.60227
Galactinol 3_313,38959.19424,25954.73339,20544.26548,37434.81427,15386.28457,25941.46275,33418.75644,28345.50693,26439.42084,29064.90944,14802.29137,13963.13588,9365.925936,16281.46474,20510.43715
Galactinol 3_378,3702.142439,3334.009941,2242.360568,4405.259937,0,2769.171479,2598.276521,2819.295066,3838.831973,2540.48326,1394.083434,2144.377142,0,1903.465877,2028.647569
Galactinol 3_407,9977.329125,11059.29786,6563.461204,11274.03753,15832.47044,9641.165261,11585.3113,9727.21992,7585.317763,8850.882795,6645.986071,7660.95625,5202.234663,8939.264391,9903.945052
Galactinol 3_427,29328.9141,22432.63609,17588.62671,27292.9919,22161.10141,25018.20018,23173.43164,23552.21227,21691.68384,22424.84155,16041.16332,18464.27182,14938.64454,17759.49407,24197.78491
Galactinol 3_441,82100.40021,58225.41868,46418.43858,67731.1368,59460.07052,58927.82418,56620.67845,52048.71187,52541.55554,52598.41279,34180.63096,32464.17087,27718.10912,45477.32751,48942.18335
Galactinol 3_449,8403.144745,10825.29739,12208.02187,4126.794569,1140.325046,11003.14378,8536.997632,10163.4399,14861.9925,8312.368682,6919.573172,13411.02484,6190.532312,8362.754277,16435.54543
Galactinol 3_461,0,0,0,0,0,0,0,0,0,0,0,0,0,0,0
Galactinol 3_464,70.18596229,2761.607061,2749.98585,2766.049477,1019.807656,1784.805384,1652.77924,2685.774655,2347.986739,2216.330318,1271.159325,1625.536722,1403.673259,1626.347337,1860.264694
Galactinol 3_468,84828.7938,0,0,0,0,0,0,0,0,0,0,0,0,0,0
Galactinol 3_480,4191.220152,0,4884.238653,6926.048005,2616.537458,0,2551.508119,0,4021.420928,3438.490778,0,3463.417781,2423.918794,3590.277806,3094.038401
Galactinol 3_482,3837.357306,4338.035386,5198.790787,3812.851362,0,3426.209453,6064.643771,4626.172076,5948.801626,6163.246484,1379.676549,3719.237377,4441.801573,3517.277298,6264.006814
Galactinol 3_483,10517.49554,10797.72565,0,13359.24078,2645.1539,0,0,4395.81992,10469.59278,10955.75873,9242.987256,4704.823912,0,5101.072563,16237.72187
Galactinol 3_492,24488.58382,20732.55428,25406.00246,23543.81608,10796.99262,21742.86767,29774.06176,21549.64204,24802.37919,20418.40843,12622.63485,12676.99146,13461.93456,17635.16552,20692.35426
Galactinol 3_499,2441.563013,0,3505.539536,2797.041842,1360.376597,1719.883813,1823.286262,2059.188067,2644.722019,2627.732578,1266.317616,2362.194171,1482.794374,1816.676366,2194.675239
Galactinol 3_511,13856.69695,12759.80595,0,0,0,0,5748.618236,0,5089.977155,6569.691201,0,0,0,0,8186.065481
Galactinol 3_515,343572.1431,484324.459,1052585.989,297165.5183,89188.04285,513247.6273,529457.7837,729903.818,1053495.399,1008907.264,989053.3534,576744.6796,579479.7751,929660.2206,1469976.445
Galactinol 3_531,2395.427749,3271.544148,5398.219907,1908.575266,0,563.8068955,1779.228486,2145.300504,5910.236322,4321.242852,4893.529131,3750.937228,4216.138359,6036.136748,12457.83545
Galactinol 3_541,7131.918515,0,3079.310237,24838.75599,4162.195531,0,824.0067811,0,0,0,0,0,0,244.8469598,0
Galactinol 3_547,5762.300291,5788.610683,2788.430105,10003.11162,7557.569138,5041.258765,67.43324337,4188.323961,5639.204592,3116.107076,3263.473514,2685.361965,1794.613897,3216.32611,2526.855976
Galactinol 3_556,4122.659821,0,0,7343.09155,2763.042699,3755.223886,0,4392.234985,4898.90988,3616.469789,2260.863536,3211.789541,2848.683824,3388.256146,3871.669448
Galactinol 3_566,450834.9259,473919.2792,532655.587,380474.0576,142473.7416,425250.8744,509871.5568,503567.1944,468979.944,448905.5245,362437.0095,380033.4165,252012.565,538168.2739,628264.3314
Galactinol 3_572,0,2378.231707,1484.243242,1960.352959,4326.381058,2286.779208,2448.822296,1844.823471,1489.573652,1701.40483,0,989.6148642,0,1508.758893,1479.170811
Galactinol 3_592,1203858.611,1527473.416,843997.3754,1549411.944,747360.3813,1744130.457,4502209.744,1543777.066,1270645.123,2056179.471,896270.0642,1164539.931,1376198.773,904248.9566,2925357.123
Galactinol 3_602,19556.03212,43091.7578,33714.68917,15320.33016,40264.5217,55170.63912,306244.3691,59430.3863,15570.24151,96262.83037,54061.86434,59327.10298,73871.03186,21376.28253,258819.1848
Galactinol 3_605,52146.53845,60617.29256,61851.4666,49697.84274,3408.2896,52647.39032,10550.92526,40476.52526,113885.2696,32014.4511,29731.71969,63003.1302,17191.94069,41875.85189,26122.8497
Galactonic acid_215,0,32601.96759,0,0,6800.418447,0,11110.89499,0,0,0,0,0,0,0,0
Galactonic acid_218,16851.02011,15064.83297,11867.14012,11360.35906,5926.741561,12238.95794,7506.254554,6188.276679,16180.37435,10598.22431,6946.544879,6849.540032,7404.03257,12223.07497,10676.3024
Galactonic acid_227,4565.908115,3708.928505,2858.847645,4009.403515,1729.625709,3361.409792,0,1631.904315,3698.394516,2510.040458,1316.616159,1539.165382,1522.190555,2767.838721,2653.974704
Galactonic acid_301,6731.026308,4730.687539,5436.384149,5073.733587,2816.54234,4531.05064,2617.150018,1931.903335,5327.375151,4875.784691,3344.885325,3401.760743,3140.937469,5501.51597,6935.150962
galactose 1_267,0,0,0,0,0,0,0,0,0,0,36565.46019,28476.27841,31121.51199,51415.36809,37138.14226
galactose 1_268,0,0,0,0,0,0,0,0,0,0,0,0,0,0,0
Gentiobiose 1_503,26814.67233,23709.92362,20911.19659,13779.29455,12584.13758,22892.38751,33670.01291,28336.15342,25354.91754,26708.09756,19130.1646,15592.14868,15076.56409,19971.55046,33037.25943
Gentiobiose 2_432,0,1354.655531,1307.478951,447.8492056,0,1515.822058,1124.83424,1059.914717,360.7603608,1223.646002,857.6480155,0,205.0830056,0,779.060335
Glucoheptonic acid 3_241,1030917.456,827511.5914,2001516.035,532195.6903,62328.41637,213799.0436,59889.79304,226445.528,567158.2639,623424.8391,55095.14988,66392.00103,92349.25968,166321.8436,45171.47966
Glucoheptonic acid 3_389,0,1136.452887,0,0,0,0,1253.974718,48.40293793,1144.686332,123.1050941,0,0,3.494388458,37.70771625,30.7743451
gluconic acid 2_293,10758.31394,7401.083769,13355.9267,7338.490535,8421.014375,7344.280444,16321.25247,12006.38827,5522.245387,11836.06622,5068.125842,3940.241499,6251.888412,6433.379073,9782.99698
gluconic acid 2_418,0,2279.174505,2186.026305,76.42721092,1053.607372,0,1802.54935,1805.926039,1923.147284,2089.134893,0,1964.281675,0,2192.756154,2834.409359
gluconic acid 2_505,6284.442811,6337.844636,5727.012166,4479.079597,1531.658696,5406.890854,4014.000395,6457.0489,7482.100707,6266.940184,4643.564891,4054.498457,4672.240761,6166.844093,7329.688419
Gluconic lactone 2_311,26059.02991,16325.60403,0,13070.05847,0,0,7926.22345,0,0,0,0,0,0,0,0
Gluconic lactone 2_473,17362.47743,15604.92556,18913.37264,15035.05611,3799.866694,18750.12098,27762.97315,22200.77987,18161.91575,20556.27121,7785.944673,14886.94708,15757.49104,16326.45075,25746.31792
glucose 1_269,0,0,0,61519.12362,0,0,0,0,58201.67698,76511.72612,33573.20067,41236.69946,46906.56534,41070.06479,75449.68959
glucose 2_292,3676.306705,3524.964742,3318.198115,3653.353206,1999.468344,3132.943359,3021.314412,4193.13695,3307.080529,3599.937532,2458.42424,2127.868648,1616.716511,2457.696868,3358.689643
Glucose-1-phosphate_129,0,1723.068643,2519.117375,0,815.9134382,0,1531.416736,1145.179606,2025.23407,1793.493761,0,0,1384.541152,1774.776281,1961.132716
Glucose-1-phosphate_220,118081.853,96167.10883,88151.81204,113710.6176,64721.93476,89379.49493,73447.35328,78072.25492,94037.73974,83511.6302,71477.83759,63869.49156,69012.24477,83893.82188,69970.61743
Glucose-1-phosphate_248,0,23499.91311,43035.59168,0,2989.604202,8953.454991,3292.938184,8621.161316,10988.01588,14389.57062,0,2072.496583,0,0,3507.557105
glucose-6-phosphate 1_382,5153.465336,5392.072458,10126.76393,7500.487737,2702.603187,3684.278935,6315.375912,5976.652912,5656.876859,7172.166683,6495.065114,5956.986678,8100.389663,8521.140801,16543.81825
glucose-6-phosphate 2_388,846.268033,1136.452887,0,1197.282077,0,2.983360455,0,1051.767363,1144.686332,1206.827982,1100.99964,1077.859265,1387.613592,1455.265471,2735.900379
glucuronic acid 3_289,1636.233044,0,0,0,315.2585572,1105.176965,746.6637037,966.2391584,0,899.6674313,550.3350504,371.5479724,1624.833556,885.2521558,997.8243823
glutamic acid_166,545336.7706,614582.3726,1168569.074,754142.5602,214007.1842,349177.606,414730.7661,591806.9184,660646.9437,758673.8317,478019.6085,485895.3462,294374.6406,743121.2305,756107.2936
glutamine 1_224,19168.38116,39164.68209,168625.4598,40594.10374,17008.50691,18621.534,151726.1244,68004.01336,45953.11971,92817.01611,29654.51661,41490.87789,27848.18258,51359.40683,165379.0017
glycerol_69,242982.0337,518532.5195,404974.0304,150137.919,151845.1466,446530.0081,1330785.841,461031.0274,377579.297,775668.0178,270026.2831,438049.6839,466522.5629,341513.9937,1050550.214
glycine 1_36,6890.973126,9351.832525,11621.251,8051.640617,7167.520311,5452.786776,21017.50654,0,12471.22422,11193.65518,385.5027075,7146.109121,5763.660002,35.74040354,39390.82946
glycine 1_8,3694.04412,0,0,9100.102296,0,13547.71577,0,0,0,0,0,0,0,0,0
glycine 2_57,201456.9842,200974.2021,173271.5088,225729.9148,213307.0482,203368.1422,147595.4703,54747.10638,60876.30801,61626.50925,64654.91725,67829.10658,76914.29666,77052.04078,56661.17092
glycine 2_78,108581.749,164636.3523,152930.0804,108600.2988,74700.413,81030.66947,202052.9207,85320.79208,151146.512,196323.9705,60481.28458,60196.80464,89126.227,133954.5444,174633.0214
glycolic acid_22,25683.87163,22878.72478,20342.15367,23613.15155,18881.79689,15954.28433,10884.15125,10498.93191,22741.87278,18719.20177,10723.92683,11372.99151,11391.47582,22290.02446,23186.01968
guanine 1_337,0,1647.861063,0,0,0,0,2883.769973,0,1402.488099,1904.539056,0,0,1904.853143,0,1659.604493
hydroxylamine_34,1271.41115,2073.173141,2568.865279,1501.077736,4082.228443,2179.010912,3815.520888,2033.009498,2488.099697,1919.683682,3354.851615,3749.569784,4173.576037,4189.389881,4246.958547
Isoleucine_71,9053.690023,35163.45033,83227.2364,15924.64499,8663.048226,12295.19553,118053.0171,56072.66364,29076.1849,49134.92488,19267.38385,28206.329,35852.20024,27194.51277,55370.61382
Isopropyl-beta-D-thiogalactopyranoside_436,8475.030224,8918.63656,6692.622755,6089.313224,5298.807387,4339.58003,814.403301,820.1749447,5545.959003,3298.692421,2608.882092,2878.08643,1676.000071,4073.509653,1632.389564
Isopropyl-beta-D-thiogalactopyranoside_510,8077.865001,4823.385622,2714.958452,8862.92013,1987.355528,6115.801901,1820.054834,2843.477308,7564.384926,2575.753802,1572.961078,1945.254794,2075.840876,3953.903009,1902.337033
Isopropyl-beta-D-thiogalactopyranoside_585,855.1151735,11.06980859,20.57732629,9.292304426,0,27.64804873,550.1187995,0.406482988,0,79.09934166,412.8724512,49.00383567,84.54045607,35.59262772,1138.519051
lactic acid_15,22818.29521,32424.37706,21989.67511,29202.62382,24295.20661,31661.66678,25076.69684,24911.11378,21713.26023,21195.93773,25096.69162,25649.9596,19798.7729,23975.80774,22686.67249
Lactobionic Acid 1_433,2083.356507,1354.655531,0,1919.627713,930.4351101,1515.822058,364.6632472,1059.914717,0,0,0,77.54916205,129.8072988,933.4503023,0
Lactobionic Acid 1_456,7833.009454,6175.608328,6864.479096,5310.558576,802.199586,10042.51114,3449.634594,3271.403054,0,0,2703.464771,976.2758485,1991.350317,5466.140421,1080.198536
Lactobionic Acid 1_513,7261.16218,7703.842825,8887.989142,4446.649724,0,6127.745689,3124.211376,5277.522556,5521.407398,5166.804347,3398.777805,2741.314981,3925.168112,6460.007661,2922.824882
Lactobionic Acid 1_571,474.7227911,7590.274301,11381.77076,12993.01382,9283.028949,960.8961523,7475.220292,7412.913975,8305.031499,8924.15176,719.8355869,6362.42918,9547.449706,7664.353156,6802.631681
Lactobionic Acid 2_530,0,0,2210.786606,0,0,0,0,0,0,0,0,0,0,207.6339093,3860.48556
lactose 1_404,4569.67308,3460.126822,1992.857891,3365.144324,3674.100934,3305.491122,2671.1827,2368.245989,0,0,1882.775603,1912.305729,1920.614661,2885.824491,2286.410513
lactose 1_405,3532.691662,3460.126822,0,0,328.312793,387.813328,0,0,0,0,0,1118.796242,0,0,0
lactose 1_430,10369.82132,9093.041021,0,0,25.37418893,7825.083949,8044.552609,0,0,9044.579162,5883.887592,0,4397.514032,7515.208184,10094.16175
lactose 1_439,11768.98157,10346.63148,10552.47627,11618.85604,4491.779628,9388.890856,9600.542623,11018.71786,11497.28075,10118.70817,6643.358432,8213.122286,6261.614636,9630.240415,10234.18
lactose 1_477,4348.664362,4981.888848,7144.711516,0,4227.682051,6335.719699,7866.57325,4544.708593,9553.145317,0,2734.41215,3378.545865,0,0,5967.158044
lactose 1_524,0,5870.899251,7121.578456,3346.352861,409.8809925,4859.264682,3176.256229,3562.177362,5266.371959,3684.957705,4720.148636,3022.279032,5589.494233,6025.308974,4065.937806
lactose 1_545,7.644206601,1536.00452,1466.294481,681.3653204,0,1016.860216,703.8776826,969.342692,1466.935994,1183.915392,0,1039.753612,0,0,1614.0668
lactose 1_608,11767.0363,6931.440095,11441.89973,10973.70179,4816.274333,8082.43882,4064.039015,9512.592115,12066.57088,8615.378617,6079.642687,10057.80616,6371.714489,10430.16112,10505.79399
L-dopa 2_365,4756.432757,6987.493163,10468.54982,4012.930837,2781.755325,5178.540074,7267.915532,5133.106487,4252.163699,11879.95932,1725.949876,3893.533845,6322.758457,4544.901093,10315.60133
Leucrose 2_554,6258.732739,5213.681078,2984.54766,5743.471074,4211.81966,0,3618.907164,3158.288863,4773.443098,0,3148.728347,3205.782466,2977.963795,3644.191179,2623.785041
Levoglucosan_192,8552.584135,7840.802226,7053.240577,7295.480853,4539.166955,7663.103572,7212.375985,7706.230443,7717.658848,7235.974502,7049.800949,6571.234901,5839.493207,7296.073541,8229.905858
Levoglucosan_546,35814.09561,31945.25526,30653.15606,38566.98984,8915.877028,33434.84146,18836.70598,29783.56969,38357.24106,23102.22916,21231.42994,21602.32852,23170.49985,33243.53496,21606.80455
Levoglucosan_550,0,3700.065989,2008.942531,5367.516029,0,4755.677163,3079.621338,3155.541634,3790.038812,2513.849615,2586.735371,2621.355395,2629.483292,3101.576225,2151.719989
Levoglucosan_555,0,0,0,0,0,3508.750149,0,0,3033.777068,0,0,0,0,0,273.4818701
linoleic acid_357,7097.591849,12356.25043,9590.328633,4920.047589,4854.373177,15005.19662,21883.22253,6938.382196,10490.55114,14199.36902,8426.507166,11394.14021,20917.54928,13736.63906,18553.49435
linolenic acid_308,22572.69591,48630.3203,40326.74473,21507.61954,24207.6408,56968.78314,323897.3732,50758.16593,30980.19928,63475.10901,55670.3783,71393.52936,113232.1101,43963.46404,144463.1519
linolenic acid_360,423986.5379,705364.4219,548472.7871,339243.7119,337074.6423,828181.8377,2308223.801,547878.9935,558902.5353,769721.1858,553996.083,774852.9538,1197855.89,672097.3551,1248622.336
L-Malic acid_118,79.16300364,37320.83032,37557.47581,41382.25448,38394.62163,42863.37497,47868.20423,27467.03637,29245.67312,25854.00391,34449.82001,32947.33735,35677.88544,38101.16894,26652.8795
L-Malic acid_119,1727302.516,1632732.047,1360770.169,1713476.405,1571732.478,1673735.884,776241.1804,869301.3127,1361354.228,1593835.843,1279473,1290781.183,1304892.18,1439978.745,829598.5805
lysine_282,14714.31298,26717.38156,74772.98549,30122.62809,5384.066065,18760.59583,106340.6763,38133.51548,26603.09331,46142.01783,13460.6743,23623.35871,28667.25927,31803.8076,79241.7978
maltose_495,7936.662641,12648.79187,13903.97979,5698.612175,14625.33957,17909.21962,40345.10213,16104.69781,16733.22103,28938.6925,12091.31618,11415.25183,26429.5484,11561.0561,30218.23624
maltotriose 1_540,81.4437077,0,0,2806.670775,0,0,0,0,0,0,27.10457301,0,0,0,0
mannose 1_272,4903593.304,9274622.198,2087525.112,0,0,0,0,1712910.19,0,0,0,0,0,0,0
mannose 1_273,0,0,0,2824661.631,2954929.324,2759568.551,4299878.552,3713321.629,2114660.678,3422053.606,0,0,0,0,0
mannose 1_274,24981.0574,31669.88409,0,0,3921.911669,0,0,81131.69071,2108542.111,0,2011238.575,1528681.653,2244003.247,2395346.18,11375.07765
mannose 2_279,892046.6221,552859.1782,1178043.39,543025.887,624874.4756,541174.3286,1550965.099,1180165.067,427184.0038,964119.9088,375938.4693,288724.8569,439704.764,450165.627,717158.7557
melibiose 1_525,0,0,0,6485.630852,0,6903.977729,0,3133.310166,5701.853319,2835.093421,2023.973751,2309.045614,3028.199455,0,2166.790968
methionine 1_132,1460.388367,6080.971048,10773.85257,3725.28191,0,2466.99736,13947.01612,7597.381151,4577.796942,8894.337613,3937.913627,5480.009248,7501.176091,3550.790917,6749.196409
Methyl Phosphate_49,83607.36881,117260.0777,227182.1071,90759.01989,36345.31883,91188.43956,80785.91233,124744.3304,156750.8047,189770.4759,107357.64,145188.8539,83650.10356,149516.5125,190075.4021
Methylmalonic acid_24,20727.55638,22230.55436,27472.1954,23091.40112,8725.043503,16610.41411,13365.00219,14262.73591,24789.57287,19404.94459,15976.26367,14260.09255,14992.35863,20424.11912,24651.69965
Methylmalonic acid_367,0,3182.306299,0,2824.976086,2.700370867,2964.38195,0,1451.614374,719.5917308,3510.848767,2935.069054,3085.57964,2876.165345,1529.094004,6380.247664
Methylmalonic acid_77,4343503.657,7584320.836,1401628.487,3782076.734,561568.8908,4958534.952,2057205.522,1106949.338,10217789.89,3880052.606,1031075.891,1066439.443,1607018.383,2344025.979,1308955.005
Monostearin_509,0,554966.4106,547984.0022,642723.0582,634885.991,672567.5969,523031.5324,450158.8789,549297.8883,543869.8474,571835.4947,553720.9869,664194.1738,685766.2134,528415.0232
Monostearin_559,35684.88552,25817.74993,32997.51147,25084.40217,17053.23731,38950.90363,26172.35268,21229.18141,41987.12733,24095.4686,36451.36913,27858.58845,58414.79929,41687.64937,27261.48102
mucic acid_316,4206.763464,4302.099004,10826.97947,7185.183623,776.9201922,2847.435605,1296.557972,1966.330368,7749.08813,3709.589003,3101.141962,4587.797724,7584.884542,7707.281057,5064.763203
myo-inositol_327,371769.0488,467238.3008,553727.5562,582840.2542,243125.9423,389539.6067,817427.3892,425243.0066,430153.7251,546636.1146,391612.679,448215.2226,375512.8357,495919.2824,1011648.301
N-Acetyl-D-galactosamine 1_324,3237.28447,2861.486395,1885.079188,1677.882512,1157.048264,2944.287386,5317.836808,2939.553096,2321.371701,2110.345181,1713.905319,2080.862376,2229.184348,2577.855154,4618.737288
N-Acetyltryptophan 3_356,188414.3032,186295.8755,185918.3161,134033.2839,57482.03287,208661.8451,147557.5546,135521.3255,150710.919,133305.8474,126699.7139,137628.2426,141072.3138,168521.0463,129363.3303
N-alpha-Acetyl-L-ornithine 2_46,97940.16186,174301.0665,444064.267,58173.00664,60663.74676,0,10022.50475,240069.5648,0,0,218134.0888,0,0,0,0
nicotinic acid_75,9830.466893,0,0,0,0,12703.95772,32682.07001,20743.12719,23133.76517,20402.32122,8829.938211,10187.63572,8632.606522,14381.04345,17706.13166
N-Methyl-L-glutamic acid 3_139,14680.16417,26345.87006,28714.02328,24483.52471,16742.78459,15958.02094,17401.552,23719.17803,13765.30434,21318.28517,50784.7903,49687.9679,54177.5816,30037.03323,27616.71065
N-methyltryptophan_194,0,0,2475.38809,0,0,0,9093.892364,2358.09295,2282.530521,5168.246411,0,2503.827963,2823.630433,2112.449387,6342.349192
noradrenaline_149,5923.276593,6482.939126,7013.421838,7560.946526,5045.01453,4829.530042,5965.303102,5660.832142,7802.592779,7667.351537,3506.162701,7775.95123,3294.087663,5319.915862,8093.119459
noradrenaline_312,207494.8769,150183.9939,267396.7771,139760.0302,57640.19063,181398.6535,273356.5054,331678.2545,320525.535,220050.1921,193109.5231,191606.5042,157516.1087,225950.464,259983.5301
noradrenaline_345,53430.2311,38461.20606,34474.65184,45073.14352,31997.27457,52468.39745,93811.15779,79040.18729,66394.82009,66832.07467,63115.14736,55673.40366,36859.35172,54072.83593,78416.0778
noradrenaline_364,1019.302761,1720.804089,7230.654569,1581.872721,1537.823648,2529.816402,2593.235456,2432.929222,3732.402203,5022.267672,3255.01114,5794.382742,4759.191215,4916.643818,7857.604135
noradrenaline_51,46485.73282,64987.18278,137043.6959,23217.62344,26767.94057,45490.65137,156639.0858,121042.7774,49982.47224,110557.9614,97900.02635,97361.12577,61683.27729,101571.2837,126404.4832
Norleucine 2_11,0,2518.929822,0,2254.041048,0,2804.52705,6201.487398,0,2330.699618,3586.321755,0,2877.633213,0,0,0
oxoproline_133,174177.3368,177302.8932,539497.3119,173316.9233,128144.8884,138894.0371,347793.1577,622209.103,228046.9243,324375.1067,303790.5265,252817.4584,148976.5738,287642.3844,415441.6691
oxoproline_205,1149.436035,0,0,951.9458263,0,0,0,740.7362939,0,0,0,0,0,0,0
palmitic acid_317,419701.8012,490309.9726,377946.0486,349105.6524,296887.3822,665842.1914,808633.7194,349668.3988,523658.2934,570167.523,433628.504,508018.6321,832885.1101,577169.436,642641.0397
phenylalanine 1_169,41607.17302,72806.7601,170155.5605,68140.29068,32284.41102,50875.32269,109387.5812,87465.03771,69330.8216,116404.9553,51173.79969,66395.71648,63422.02297,67790.97656,104513.1713
phenylalanine 2_147,39877.78765,31217.17864,53010.6011,25356.41578,47924.22427,39296.12323,145060.76,60807.63005,24803.93435,40051.67608,32596.09368,32513.26785,37658.29829,38818.63615,79625.54123
phosphate_68,344422.7663,502680.006,2042088.239,678085.4519,209728.9881,255352.9891,460838.1841,394196.0797,791492.9217,1076526.008,573592.8824,979784.4697,1116614.121,1205033.705,1796360.426
phytosphingosine 2_247,0,0,0,0,0,1309.937727,1551.266654,1914.858263,1411.373598,1704.245422,0,0,0,0,0
proline_74,0,13249.87441,30850.8349,3306.053238,7424.857049,3213.000105,65639.52225,26382.63318,7717.907952,16888.43535,6781.610596,9686.407025,10447.73905,7146.814843,41077.78427
prunin degr. Prod. 1_517,0,0,0,0,0,0,0,0,0,0,0,0,0,0,0
prunin degr. Prod. 2_528,4742.962707,5177.416268,4809.448314,3686.327682,1546.210665,4593.725074,2871.998873,0,0,0,3893.045276,3287.483383,2763.348859,5103.121731,4997.678352
prunin degr. Prod. 2_533,0,0,0,0,0,0,0,0,0,0,0,0,0,0,0
putrescine 2_210,46058.15748,50838.98767,127303.0235,55751.07563,11571.46052,27809.37082,129159.6719,115118.2394,43631.82104,74012.80948,28732.20928,30293.79714,23375.1129,40819.26253,64387.20535
pyrophosphate 2_58,5972.007714,4749.859382,9073.364748,7349.856662,3570.475009,5217.533705,2240.398077,3244.97897,4994.504491,6278.972738,4414.608746,5054.183382,4877.569988,7801.426212,4993.026291
Pyruvic acid_12,24835.36046,18338.37226,40217.24391,39913.15317,30569.64802,22526.61941,12969.4162,29896.24373,27952.59522,19988.95855,14822.56391,10428.57018,7671.373884,16580.79753,9861.820091
quinic acid_259,592101.2253,679308.7635,1095057.405,349801.7345,730414.8375,607537.0728,429110.1759,434263.6789,859720.8213,747243.8641,394043.5568,529620.5372,471363.8748,1129929.903,745068.5333
ribitol_201,117363.0472,72174.96217,40258.98147,62135.17559,75741.08509,68593.9809,63122.28015,43291.73705,66878.80902,52099.6758,36014.67162,27274.15251,23502.80334,42004.37033,49490.44147
ribulose-5-phosphate 2_379,6440.618929,5561.384051,9681.824193,8231.332162,2945.097645,3117.381287,4746.317256,5480.316586,5881.534337,7283.637583,8291.202595,6182.50523,8700.937692,9439.458513,16574.97343
salicin_551,18288.95366,0,5864.936479,16097.61604,818.7977025,8136.50354,7655.360934,7269.132155,11392.8575,5414.689821,5346.653094,4619.490416,5083.920582,7665.014164,10809.68169
salicylic acid_128,7564.679493,7972.039618,5141.715029,5606.348314,6768.367579,9995.981135,19097.95273,10381.8975,9265.991145,17426.98394,8281.86138,7634.479262,10626.77087,8644.367953,9516.983119
sarcosine_23,3514.710486,0,0,8808.256148,0,10196.4977,0,0,0,0,0,0,0,0,0
S-carboxymethylcysteine 2_228,971.0417935,0,0,0,0,2943.019794,12096.14186,5960.012871,3263.339346,4176.010814,6695.791774,3460.206295,4801.594925,1937.009863,18118.92894
Sedoheptulose_174,0,26364.90508,77968.86105,15479.63538,2447.516011,0,41099.52612,59623.30222,62775.40859,29004.74926,23509.54874,37708.69637,19518.79799,59974.37566,64891.85828
Sedoheptulose_196,20719.90619,14222.58765,16335.78613,8902.288707,0,5572.772805,1404.031071,2973.375837,12824.74521,6719.467051,0,2443.641647,0,4792.315338,0
Sedoheptulose_307,20284.57628,10555.9251,11103.23938,9176.415165,2392.878677,7359.79003,6367.517409,5938.823749,10766.50283,9727.701705,3841.432214,3370.569422,3995.03949,6019.131704,5724.493578
Sedoheptulose_419,44602.07721,35298.39068,24734.71611,25609.26172,10453.59472,38759.56828,37635.28275,34384.43468,29185.43696,26974.52687,24303.60623,19172.80903,20484.33316,28277.28439,0
Sedoheptulose_442,7750.553134,5443.192009,102.8870172,6916.661748,5693.367111,6003.313282,4947.573951,3438.916371,4551.361655,3468.33458,2854.553225,1887.59149,1923.369514,3351.810839,2491.906035
serine 1_89,0,20369.52165,28409.32741,3256.374476,2683.08503,3207.04757,185061.126,33984.59433,12557.45787,33804.20149,10088.05114,18252.26247,13496.65274,10404.95715,124857.2107
serine 2_66,95040.78711,124188.3492,188188.0799,85162.7087,69541.82847,87007.1789,330013.3601,119164.6506,99541.99849,179074.6996,106019.6328,128609.0053,85010.38757,134595.0323,471597.3146
shikimic acid_239,195292.0206,3968.880294,420054.3882,94444.74716,166916.7868,165136.34,408820.319,240320.1063,195415.515,325090.3305,141601.0343,144925.7618,93113.52135,172872.5755,339055.4212
sorbitol_283,9184.609766,7663.277879,9847.498318,8603.259739,5638.886325,7612.497508,7390.90612,9977.093316,9708.147809,7736.636687,5504.459603,7123.232462,5217.216177,7989.945776,9487.753032
sorbitol_287,3581.792207,4036.146141,2805.873736,3275.333134,1713.759369,4007.039351,2750.079973,3160.532157,0,7908.306316,3208.859755,2244.876715,4921.029006,2536.917491,8325.485163
sorbose 2_297,10237.08139,11077.77153,11500.21678,14450.63122,3666.065296,8852.290592,4754.798412,5682.412043,12650.53774,8278.867437,4287.151758,4669.982461,5038.329844,9837.91296,8435.730622
spermidine 1_371,2843.065247,4467.878768,6076.705412,3661.697354,0,2141.953258,15506.79617,6476.734336,3324.913122,7221.232996,1605.730089,2396.371225,2783.964968,3363.411091,7409.343549
stearic acid_368,345069.0885,304132.6033,288968.1454,286365.4735,219179.1179,361133.6978,319730.139,229425.7663,326601.3062,283081.954,297819.6863,284988.1197,424638.6308,341868.3693,315048.5794
succinic acid_81,886119.0272,895275.8871,707988.7561,767551.0421,1101556.969,729068.8942,394309.9478,317780.052,721940.3911,543363.9021,305764.8146,401400.4046,493677.0304,655133.2665,371770.4358
sucrose_467,0,49308.59356,24506.2428,51669.00171,40777.52319,49991.29623,27070.92965,41108.92878,0,23680.27301,41056.98341,33102.1465,0,46313.739,0
sucrose_469,7334740.874,6254876.395,6992876.138,6547803.295,5055061.359,6165777.907,3185205.665,151469.0573,6116256.858,6021679.461,5225794.245,4099060.201,3727471.312,6143648.362,3774771.238
sulfuric acid_54,301425.7535,384654.5238,329096.6958,240480.9053,130898.6347,268355.7587,192143.8707,225091.2104,262019.1381,287978.7499,275968.4029,280034.6059,183076.9728,266965.0845,251689.1172
Tagatose 1_257,0,631.8004163,0,6892.93584,6513.959465,7096.485627,8237.541658,6794.259829,6079.526375,6014.555294,4242.754977,3282.971804,3253.282689,4558.612825,5571.330743
Tartronic acid_96,687.8838487,6671.386947,8871.017472,1183.754571,702.5290803,858.5018778,32283.92558,11787.9178,2678.534675,9561.827291,5070.670501,4706.151186,5598.784004,3050.828532,16522.26098
Threitol_124,2739.65715,1870.779004,2841.566262,1465.810829,2947.897141,1552.268237,3710.575595,2725.735676,1637.458007,2554.92042,2239.131783,1971.859074,1449.66651,1622.448941,5929.567689
Threitol_209,107066.7696,103295.2221,91229.60945,139781.4865,28394.64904,77520.99593,55277.03866,65848.19765,93201.40824,68541.01258,40485.46332,43124.07558,40254.36493,71657.12733,59085.22659
Threonic acid_138,21864.52251,17364.38612,8877.835118,16452.51422,10961.60275,13424.49664,8695.485276,5112.123564,13115.94233,10557.89189,6315.293516,5266.994368,6389.973325,9002.238993,7007.735777
Threonic acid_148,59148.54792,54282.76884,64529.50441,42244.1773,32712.42189,30305.7799,18727.3525,16275.77321,38933.13205,28584.40644,28884.22702,31193.70132,29729.79175,52071.51645,45357.95336
threonine 2_72,50939.10229,66716.74115,119627.984,53821.42671,40865.74422,42426.62111,145602.0279,77652.62497,45780.35522,113489.1909,59417.68394,67573.29649,55199.81468,64565.66025,146662.3521
trehalose_451,31564.74833,38973.15124,30006.88798,31011.21756,8566.684082,34349.20818,25254.86502,42245.62253,43865.72416,47443.35323,23884.21394,25066.90992,20724.18599,41764.06541,43993.54165
trehalose_573,1975.087391,2810.493944,3156.331363,2568.165523,1551.501724,2058.695781,1042.74477,1822.2343,2541.475054,1721.623438,1884.268745,1562.972173,2740.214763,1607.974577,1475.204948
tryptophan 1_359,765790.3301,1140425.691,1466769.79,774259.9599,132086.3953,873387.4721,834234.5455,874954.7177,1289494.353,910397.8364,340694.3999,593896.8305,649773.5821,908810.7423,698703.2036
tyrosine 1_288,67281.37497,103425.5008,287579.5775,69099.79346,48563.63633,71727.674,211539.3526,112599.0764,104973.35,151785.7029,57359.81053,68479.11036,79121.01509,91097.10355,131603.2723
urea_59,0,0.009799462,0,0,0,0,452.4576778,0.059644037,104.91163,0,57.93224053,1884.229016,1839.807925,2017.859777,0
valine_56,45570.60808,83011.60397,164485.4285,51319.95072,46805.9179,54637.65255,227330.7842,122345.0659,76660.11171,121870.4582,54770.80596,76038.60909,81108.59919,68690.5553,136851.5129
Vanillylmandelic acid_304,2118.735179,2566.587238,1229.029923,2169.510767,2517.311077,1765.97132,850.3901377,897.0925729,3098.169349,763.454015,807.9779761,774.7490363,719.0423335,1584.226941,1002.811898
Vanillylmandelic acid_527,0,2343.204116,0,3627.393316,0,0,953.8441041,1145.399198,2390.353583,0,0,0,0,0,0
xylose 1_177,701786.3806,323677.3719,295629.9656,269640.2882,115487.3027,246235.6976,188309.2014,345204.9934,260922.7215,213419.2031,157412.4309,88313.16469,93970.68798,166298.9722,110613.9148
xylose 2_178,191693.4607,134333.6465,107599.5334,128190.1465,49754.05697,122391.7005,164873.5759,156796.2342,123096.3301,108415.1791,75949.89729,68084.53271,68835.9364,86861.70398,96269.29915
xylose 2_182,76136.55622,84126.86684,78374.30911,38732.49558,49843.41364,87362.06137,240726.681,118397.5896,77122.62945,141645.0636,58669.40701,60309.47448,58478.67018,60489.30039,141357.0425
