, madhu_1, madhu_2, madhu_3, madhu_4, madhu_5, madhu_6, madhu_7, madhu_8, madhu_9, madhu_10, madhu_11, madhu_12, madhu_13, madhu_14, madhu_15
,RBC,RBC,RBC,RBC,RBC,RBW,RBW,RBW,RBW,RBW,RB_NTN,RB_NTN,RB_NTN,RB_NTN,RB_NTN
"1,2-Cyclohexanedione 4_179",5600.015499,10365.31837,5938.401983,4700.581861,4229.396162,5674.970803,6540.588546,4036.261401,7162.857267,16218.44902,6367.731711,4838.71293,3282.093882,4867.433726,6814.129503
"1,3-diaminopropane_29",3113.870061,15301.5377,58130.32767,46415.75437,0,2057.36119,14984.05016,0,16306.38821,0,2367.195787,0,4502.902322,0,0
"1,5-Anhydroglucitol_494",4989.922264,0,0,3109.141197,0,0,0,35109.70664,0,4375.410263,7941.585502,7717.359856,12575.2433,5268.393678,0
1-Monopalmitin_455,96710.16552,76348.02444,79050.43934,63474.51143,86283.43437,89841.54556,65850.55488,104290.1634,98667.51538,79728.34148,103435.3567,103978.6097,94865.52882,81466.99066,103469.2189
"2,3-Dimethylsuccinic acid_235",63158.90618,88727.76382,89618.92215,66153.63837,111202.8979,96944.57881,16210.3629,86785.48536,94351.66069,170229.8995,148075.5574,180032.1793,98972.41593,21570.98851,166243.9011
2-Deoxyerythritol_155,180077.5467,200703.2477,171128.1447,188987.4487,218904.5912,161371.8053,128761.9952,211042.5381,184444.588,187142.9846,164326.6091,145519.3251,159041.3764,100565.2705,200381.2528
2-hydroxypyridine_10,49328.16196,23868.49834,38951.80798,25422.06386,27901.72223,22362.485,31780.66945,88018.02958,30837.57715,27382.67053,23903.16882,30922.55716,25846.83876,34191.02413,28322.03167
2-Monopalmitin_446,1717.894018,2553.411915,661.6962238,538.4460397,1112.982604,1495.415227,548.1011593,1820.984849,1681.83151,3254.159932,2007.658522,2250.969744,1838.564048,1830.558922,1191.285013
2-Monopalmitin_497,24420.77699,39112.98437,20452.32455,16105.97629,23101.22756,22127.11486,19472.41101,23563.15157,24940.94023,42894.40143,27156.91329,27204.05614,26163.21595,23520.46971,25166.5365
2-Monopalmitin_593,0,0,0,0,0,0,0,0,0,0,0,0,0,0,0
"3,4-Dihydroxymandelic acid_314",1999.612525,3115.587543,2186.54225,1854.220376,1626.15334,1430.457915,3247.319668,1898.534578,2769.31597,3157.643136,1344.1436,1471.449433,1453.052984,2540.087728,1791.414022
3-Aminoisobutyric acid 2_13,6552.339007,9280.956436,25606.43208,0,6062.596486,10200.80126,2459.368017,0,4640.164821,9059.154077,8993.479933,15539.53062,10065.65331,6268.642411,4875.948913
3-Hydroxypropionic acid 1_41,2121.608137,3744.783319,2201.783243,2260.253837,2342.863425,2301.924547,2124.623854,3891.290995,2688.782939,4540.588358,2346.522606,4997.839094,2341.887618,2598.416263,2706.704681
4-aminobutyric acid 1_134,473618.1579,6871901.922,188897.7688,145568.895,913799.8138,355671.2317,273116.8851,234817.6444,626998.6391,9228883.522,838962.8541,1852205.207,999405.8413,425400.9258,1007919.394
4-aminobutyric acid 2_76,4149.041597,34897.03863,8972.704103,5494.893245,9748.307833,7893.394721,5371.130325,7543.240965,14781.9304,56867.4566,12314.44199,0,18381.71304,4782.068654,14904.15149
4-aminobutyric acid 3_44,11637.92144,161056.3951,4289.343113,3288.024294,18396.97186,6811.82723,10131.9069,4694.894297,12337.73001,235761.4724,15619.02401,34427.08987,22302.98937,12762.84585,26070.5171
4-Hydroxyphenylethanol_151,0,68029.79643,0,0,0,0,0,0,0,64712.62244,2985.887767,3536.574083,0,0,0
5-Aminovaleric acid 2_254,0,0,0,0,0,0,0,0,0,0,0,0,0,0,0
5-Methoxytryptamine 2_193,1552.592904,3610.880172,3950.224998,2921.738149,2436.590787,0,1363.910411,2271.426506,5071.076324,0,2322.440208,4360.923554,2551.453876,0,1858.166479
5-Methoxytryptamine 2_280,45519.8536,0,123671.6059,130665.5469,139174.8163,83709.25608,41215.92692,112512.0522,272475.1308,274001.9245,195343.2359,167656.0983,132499.5351,30734.16812,97062.11318
5-Methoxytryptamine 2_315,0,25942.89349,3359.400155,6597.379331,3251.406509,3222.544256,2974.175531,4889.061408,6014.074334,24023.95587,3591.379547,4732.761178,4114.585503,0,4053.161656
5-Methoxytryptamine 2_325,22334.22305,0,21932.33405,28272.57062,38570.09175,33956.13241,17360.54318,44812.49819,46229.16593,0,41341.77674,54943.88641,46078.92999,10052.50875,45662.89392
5-Methoxytryptamine 2_333,0,0,0,5191.247084,4285.626444,2912.385243,3387.92967,4257.956907,2783.451674,5935.4184,4054.047597,3296.394374,5325.560665,0,7946.476237
5-Methoxytryptamine 2_421,5449.549756,0,11157.55605,6791.601357,6308.079542,7652.164097,4659.699849,3623.510769,12940.44578,0,13685.27307,14932.81659,8764.184512,7274.223009,20823.76963
5-Methoxytryptamine 2_542,0,0,0,0,0,0,0,0,0,0,0,0,0,0,0
5-Methoxytryptamine 2_609,0,0,0,0,0,0,0,0,0,0,0,0,0,0,0
6-phosphogluconic acid_395,0,0,0,1821.414727,2132.913673,0,0,1117.244204,0,0,2003.272045,1775.011051,1373.302674,1504.019519,1890.917867
8-Aminocaprylic acid_245,34239.11101,105930.9914,81631.21055,280147.0686,99486.28997,67379.27461,53376.26107,88840.76865,78345.01942,213280.0164,126521.2727,83518.86319,161056.4857,17556.31717,90244.02263
8-Aminocaprylic acid_487,0,0,0,0,0,0,0,0,0,0,0,0,0,0,0
8-Aminocaprylic acid_581,0,0,0,0,0,0,0,0,0,0,0,0,0,0,0
Aconitic Acid_211,2311.631752,23075.96633,1852.976392,1257.601437,1856.955933,5196.831464,2662.370921,2161.580471,4979.364676,20468.04861,5130.058299,5457.957185,2875.117838,6630.955776,8303.625895
adenine_263,0,586647.6956,0,0,0,0,0,0,32793.46761,712497.936,25195.93436,58066.84962,0,0,0
alanine 1_31,65615.16499,6227207.306,131291.0324,20517.18263,73741.34471,54754.92326,47011.52566,54430.04262,78262.45468,9895275.729,89823.20773,219298.1351,162842.9998,98589.79667,103150.2512
allose 2_332,86533.40395,46083.91821,58283.2731,56601.89065,71411.29694,58959.06841,65751.61669,94617.51849,79474.55901,45971.45581,92385.88542,67301.1751,75682.94935,50048.73911,81686.74012
allose 2_336,3426.455389,0,3016.737432,2924.590586,2214.908273,0,4395.272963,0,2685.092776,0,2447.254769,1961.177882,2946.97532,2054.939978,1780.890324
allose 2_343,5949.859503,54435.29586,3844.603664,4360.119242,5927.281691,4935.660545,4640.140703,7219.325715,6282.155052,5175.276501,11010.76306,5200.899837,4556.521729,3811.776978,8537.670135
alpha-Aminoadipic acid_198,0,1940.726592,2851.907501,1325.424529,0,1306.546874,1608.016148,0,2088.944685,3405.835947,0,3173.738161,0,1568.521043,1404.608959
alpha-ketoglutaric acid_150,412184.7043,202236.5717,687754.3133,616354.2831,664738.0843,661172.2554,758886.5524,701601.7476,747227.226,163811.9023,165185.8965,133353.0271,419421.0008,1043549.026,225164.9781
alpha-Tocopherol_596,66571.56551,31594.01124,43805.9346,37093.28398,50519.29622,51488.89456,60294.81191,60567.44678,77495.74782,37235.2234,80526.26245,73329.81139,50283.63218,60134.86394,76291.03505
Aminomalonic acid_111,603.1668508,8432.666336,1046.029193,0,2387.896058,1837.884592,788.2910449,3772.378071,3104.863696,18775.78149,2630.887414,5427.253537,2615.053991,7256.642524,2804.17454
Arachidic acid_414,83208.53131,83138.04656,0,18477.13307,28712.09336,21043.38107,18268.54469,27420.3968,0,87220.04067,29185.38515,35007.19803,34308.20037,16566.51112,35681.23318
arbutin_452,6738.202948,9444.550969,8060.689038,6923.44337,7294.197839,8405.342473,5464.191417,9159.200751,15192.79402,14630.5544,17291.44822,13355.25632,7554.129933,3434.041828,12009.20858
ascorbate_291,6560.674654,1291.158011,8312.913944,17043.45411,4472.277228,6059.152178,42218.17602,8875.091226,5784.268097,1332.588506,3690.850592,3668.314695,5494.714928,96324.87618,0
asparagine 1_180,2193.192733,534058.768,4329.013494,2745.207941,6120.438979,4322.48777,2502.450116,3195.43934,7086.856085,990313.0607,4978.306581,41023.63362,8424.658545,7998.35611,10072.22848
asparagine 4_125,0,86928.11561,0,0,0,0,0,0,0,194432.7181,0,5824.911443,0,0,0
aspartic acid 1_131,6150.302878,89401.94695,45338.47281,17630.05014,27015.88464,27119.9954,16972.75597,16391.59795,36213.48479,427614.8182,23877.61547,96685.67948,76162.30751,33021.92516,53873.01613
aspartic acid 2_103,8481.385569,11179.66469,33656.72193,20068.61369,22440.66152,21485.7831,9194.969586,11070.28756,21309.13848,25602.52744,30326.79595,42357.77436,62618.06865,9672.973307,29821.60643
benzoic acid_64,9896.044081,20855.50373,6688.590323,7134.582607,8558.803631,7910.349072,3588.71019,8699.556081,10105.12078,32322.08374,17394.92992,13687.90315,12537.84791,4159.302928,19180.62005
beta-Alanine 2_42,0,0,4072.929687,2639.890169,3959.766154,3136.638844,3418.577016,7431.488433,5879.72229,3683.772399,6813.702366,9466.49339,8329.308149,5884.690262,7673.262496
beta-Glycerophosphoric acid_355,14132.01028,0,15123.32829,7639.818232,19036.36093,20674.90263,13524.86416,20219.975,29039.50369,0,30284.73175,39955.43073,24553.3012,23879.32216,38571.85381
beta-Mannosylglycerate 1_168,4933.02563,13512.61931,6426.048743,8280.4829,9772.936883,7049.09277,6619.381052,11245.76866,11148.67486,25585.47289,12429.3999,13988.49752,12424.79974,10940.9658,14222.71596
beta-Mannosylglycerate 1_219,0,33554.09888,15196.45778,18640.94876,22423.8681,0,8781.178776,13963.71886,0,37360.89183,15447.21074,15013.87988,18733.25051,9598.304063,23252.91064
beta-Mannosylglycerate 1_243,428382.8794,2789010.718,334535.6429,1025172.835,1733982.673,296528.7266,274845.4556,448867.9761,407642.204,3177617.811,473383.1175,407954.0406,691750.2058,379598.2157,1437698.311
beta-Mannosylglycerate 1_255,10726.59642,361.7140854,11536.73447,10155.34651,18827.15033,9779.709497,11672.08867,15271.30755,8689.533939,83290.16644,13121.14834,13827.21929,15122.33198,11742.13122,16137.18734
beta-Mannosylglycerate 1_271,0,0,563334.6456,1994543.974,3830166.307,484237.59,637310.4126,1233132.632,1078426.304,4776574.299,0,610409.0791,1555480.454,726430.317,2750949.369
beta-Mannosylglycerate 1_284,19284.79269,21773.93201,16718.87937,0,0,16634.98341,16052.77027,20019.54011,24017.19099,18471.41845,17844.38949,20333.09693,18164.47586,13157.21441,27089.61476
beta-Mannosylglycerate 1_296,1374724.722,6470646.011,811208,2806137.987,4791406.41,632265.9158,913808.1056,1561811.956,1341307.601,6736442.374,898929.1636,816295.4946,1970991.612,1062572.054,3145858.786
beta-Mannosylglycerate 1_310,24673.3435,76886.87392,17914.74653,38803.05952,48280.09551,14118.78367,14668.82873,29764.75785,29948.40248,74090.4371,25143.2981,17553.31729,39798.43934,11501.36601,43460.49129
beta-Mannosylglycerate 1_322,64387.20722,110928.0277,38082.52962,71566.7005,130674.0658,38358.78996,55475.77622,82982.07445,63845.57566,151846.3882,76682.04742,63816.03432,64562.38302,50545.76102,142176.8921
beta-Mannosylglycerate 1_323,3666.74188,2916.645244,0,0,0,0,2210.575283,3801.61325,3629.844937,3487.943358,4341.762919,2394.371599,2388.408755,0,0
beta-Mannosylglycerate 1_331,68696.42191,152992.8922,214260.7567,131529.6574,52581.87506,58670.1827,15181.82159,27898.57332,144494.1844,248763.6557,196385.4237,129931.6116,70590.52527,0,0
beta-Mannosylglycerate 1_347,3698.626165,0,5111.629972,4156.552312,3340.198783,3620.868771,2721.370148,2876.498006,5503.946426,5362.588543,8443.210947,5599.468666,3735.080094,1646.419749,4456.878458
beta-Mannosylglycerate 1_348,8206.499169,7343.959232,6833.529016,8170.187498,8195.324129,6775.892519,11427.59788,8033.241943,7194.91564,6155.456198,7203.951328,5937.503597,6647.009614,6171.653873,8805.318102
beta-Mannosylglycerate 1_351,9577.688616,10965.25372,9281.158145,9220.855871,11532.85238,9417.453702,12174.28575,12864.82232,10503.78244,10587.09853,11774.11397,10351.90352,10149.16336,7495.191233,14434.23562
beta-Mannosylglycerate 1_353,0,16754.55265,0,18786.56805,29364.43886,11971.49704,20883.31405,14412.94085,17721.89316,14998.17605,17215.11205,18202.7545,15804.15993,11467.27962,17776.48514
beta-Mannosylglycerate 1_354,8669.046406,5604.745689,17036.17916,4814.218637,28413.68877,80582.92497,98220.639,53223.88846,63718.76047,28401.96832,82340.94083,98132.47424,93959.97501,62200.61616,129943.3126
beta-Mannosylglycerate 1_363,47527.26951,83703.94583,52070.24211,45167.52099,59236.41016,51807.52411,24958.82182,48812.88942,47421.96527,115240.2033,94890.33682,85720.21517,62823.68732,29052.90681,72400.0411
beta-Mannosylglycerate 1_370,79544.67848,177962.7979,63373.4547,100410.5704,145940.2581,49475.35175,82628.5911,89074.54002,65482.65082,177337.9755,63681.05801,71200.00686,80062.33637,69504.34799,121112.4947
beta-Mannosylglycerate 1_376,10882.25121,10181.25723,8878.527072,10436.91777,9424.206388,9238.284194,11945.28395,11751.17192,10983.54846,9261.804946,11985.71689,9899.956659,8229.082789,8271.939216,14766.68716
beta-Mannosylglycerate 1_377,38350.85206,46861.6906,22279.51994,25981.49739,27764.03768,27574.09405,33605.3881,26892.53677,30196.64155,39818.96729,45517.9499,34039.28602,24151.34315,21143.18743,39781.81916
beta-Mannosylglycerate 1_381,540928.0309,2998762.643,61139.61515,56543.59733,475202.9531,158368.0245,234147.9389,50483.53643,298124.1966,2806974.94,432060.9102,595309.3992,646965.4276,250883.073,258049.4258
beta-Mannosylglycerate 1_387,44229.36368,38915.84368,44387.32519,41439.33347,57851.83645,43939.34561,38562.16187,47190.40598,43024.93523,39642.78695,49533.44198,45394.62607,55378.01838,25195.78729,55257.13464
beta-Mannosylglycerate 1_390,46199.43687,80698.95489,47691.21692,44993.50173,52863.1276,41926.18757,35037.28449,43134.3022,42394.32001,371310.3204,47290.72632,48156.55157,55580.01954,28543.01081,56228.41234
beta-Mannosylglycerate 1_392,42262.95043,245951.8476,57439.3236,52867.54115,69630.09971,44059.78132,46701.60132,62173.03892,58129.55557,89156.71098,54736.15924,10708.17297,68910.73963,34999.28729,66840.37299
beta-Mannosylglycerate 1_400,646356.2721,867105.1309,636747.7289,804470.7027,1088065.053,801798.6056,389550.4673,870240.9233,636951.1339,915316.5797,1086764.896,863558.3479,979912.425,332595.7068,1059580.684
beta-Mannosylglycerate 1_401,0,0,5455.992539,0,0,53761.25008,58102.60316,52539.14517,60504.68124,88707.08409,81158.79392,101407.3439,87164.29265,42286.02529,106325.7423
beta-Mannosylglycerate 1_408,57706.22605,74484.83676,71133.20277,69637.5987,65844.76674,53650.13495,43406.7271,60630.13054,75125.57723,68521.80008,57959.84364,61060.31807,61886.10705,33757.44645,66095.1297
beta-Mannosylglycerate 1_423,20508.17267,16838.50146,0,16175.12074,18850.40347,17792.61833,23120.27762,20881.12475,16452.85125,13785.74713,18466.77279,13767.05279,16368.67701,12398.1812,26003.30815
beta-Mannosylglycerate 1_429,631459.0476,589360.1727,551648.6093,545028.4567,596934.8421,501040.2392,555866.7441,580313.9114,593948.5445,626073.6766,675981.3087,557509.745,496382.6551,390522.885,727243.5435
beta-Mannosylglycerate 1_437,0,938.5347186,0,3866.950255,0,0,4397.543615,0,0,70496.50274,5762.977474,5503.464328,5669.735885,5082.831859,123165.2811
beta-Mannosylglycerate 1_440,905.487795,1483.324359,714.5646571,656.0278586,0,0,101.3998742,0,0,0,1134.225049,0,0,0,2.329807504
beta-Mannosylglycerate 1_472,221324.0009,201578.0461,102237.405,170396.029,185378.8637,165579.1257,244312.4481,260901.5275,171691.543,183874.6702,213367.8632,147575.2331,117476.4518,199161.9319,285159.0342
beta-Mannosylglycerate 1_475,3623.261415,0,1947.994394,2293.356042,2571.090376,2827.924535,2061.678529,3806.445357,0,1804.041894,0,0,0,0,0
beta-Mannosylglycerate 1_479,3818.326746,5108.431474,6142.890553,0,7487.476813,5814.960015,3269.616792,6744.794164,0,0,0,0,0,2914.135521,6593.793314
beta-Mannosylglycerate 1_485,0,0,1446.968984,0,1972.992676,5385.911443,1677.544989,2143.417361,2544.894662,6580.804223,0,6029.123693,6382.962112,0,3734.961253
beta-Mannosylglycerate 1_518,0,0,0,6900.93027,0,0,0,0,0,0,25748.85555,23074.71713,0,8994.686346,0
beta-Mannosylglycerate 1_539,923.9298937,2147.762911,0,0,1446.108345,2064.291062,759.2110633,2920.605439,4092.547272,9153.779025,8299.217679,8337.469372,3248.465829,0,3926.148366
beta-Mannosylglycerate 1_610,20798.30378,20112.6408,45382.01513,53482.60176,37091.09925,37451.24067,17489.07887,38153.0784,44202.21064,20572.88096,46628.51658,57166.02402,33947.40866,8526.250059,46321.43754
beta-Mannosylglycerate 2_249,0,0,0,0,0,0,0,0,8569.244553,42900.62432,0,0,0,6602.852991,0
beta-Mannosylglycerate 2_250,8448.636271,2807.459295,5261.897577,12213.94606,22500.33719,5301.880124,5895.306661,11237.31736,0,8481.905496,10282.28303,0,7799.732252,0,0
beta-Mannosylglycerate 2_465,1061.186439,878.9068884,2805.601086,97.61498232,1736.098977,4304.427418,2461.754795,1703.455148,3263.751125,0,8487.84866,4102.321067,4346.957872,0,2840.704124
beta-Mannosylglycerate 2_548,13205.19441,6450.599414,0,9078.220712,15113.95776,16890.4114,0,14715.61906,18825.77022,0,23661.84808,20204.94355,12706.01711,4056.862284,24770.76228
caffeic acid_339,219641.3691,1312006.532,281670.2565,298927.4511,251928.3287,204657.4372,422514.6788,265420.109,330672.8023,1810474.058,237392.2527,235496.7554,268598.1489,356594.3118,329923.7171
cellobiose 2_410,91098.45481,167762.4071,62660.05543,76863.2191,42455.72955,69405.86921,82787.61194,0,0,0,41728.19031,0,0,64236.91041,537.6712424
Chlorogenic Acid 2_522,3175.618101,2356.283688,2610.834789,1592.118445,3265.642933,4546.917691,2517.31072,4030.360916,6722.772705,6175.010671,7609.709524,8893.011593,4029.256756,2497.140041,8755.069093
Chlorogenic Acid 2_563,263921.5771,65475.90598,214032.6257,189779.6052,253664.3443,213967.9434,92902.17539,281890.6628,324445.8701,125054.262,350065.6847,320159.1968,235149.5226,87749.35518,344866.173
Chlorogenic Acid 2_568,280933.496,78202.62171,251525.4951,225291.9731,263662.2394,228669.6483,91026.6496,258790.5356,351939.8587,147171.6104,337855.6693,316723.3581,244011.1056,73339.49991,319678.3831
Chlorogenic Acid 2_590,35057.11738,6571.391103,25451.20298,25089.24644,30971.51939,34991.54302,6328.617125,35569.44014,32017.42746,14663.17607,50672.00638,40041.11808,31364.44795,7805.708522,43180.55573
Chlorogenic Acid 2_591,5085295.607,849149.7496,3681939.425,3646641.301,4536852.49,4116586.199,1502183.423,4780957.694,5364788.15,1737374.647,6914169.224,5829257.773,4379622.854,1549889.344,1901680.787
Chlorogenic Acid 2_599,5173909.532,1523050.74,4437265.707,4349927.819,4679393.97,4382272.596,1454085.162,4473878.192,5867050.541,2856780.68,7120641.373,6117029.199,4730972.193,1316750.356,6031150.802
Chlorogenic Acid 2_603,648178.8683,251196.9072,467715.6773,569319.0576,602042.841,642333.4017,300142.95,627916.2075,683815.3895,440296.3545,976174.8401,729122.6265,614969.2252,230421.6687,1039312.553
Citramalic acid_113,6403.702316,10567.60848,12438.88676,11094.59593,7705.088386,9539.230503,6043.882358,5760.314736,12220.74914,13701.22675,10945.71495,9878.852877,11519.236,6985.411896,7839.835735
citric acid_242,685443.4833,1727712.705,1192077.494,963458.2672,554190.9741,1400158.337,594454.9091,526971.4599,1017501.79,1543396.247,796223.5462,1219024.499,615872.8313,1904511.683,767114.1633
conduritol b epoxide 2_206,4405.566582,6468.835832,7000.796554,5278.110038,7530.462997,13200.70117,0,7177.182989,9830.254205,15911.78755,11489.64424,12225.45191,13103.25802,8926.04609,11321.68993
conduritol b epoxide 2_329,1289.657209,1365.596164,1205.530407,981.1376222,1623.994879,1124.448897,525.3667995,1990.210833,1272.149824,1527.9509,1984.871421,676.0923066,1193.776159,928.3380791,0
creatine degr_32,12593.15219,25445.52937,15073.46059,13164.9424,16045.25687,14117.14619,11419.04628,13130.67756,10589.1531,23329.74243,18855.21521,20760.22358,19201.84841,12263.89543,18245.56857
D-(glycerol 1-phosphate)_217,10236.17511,4589.927218,31268.89314,25062.21978,37522.09623,26197.77799,18088.51472,26397.72801,30892.1933,8068.736561,37522.83656,50049.36612,46885.95377,34464.03229,35017.68658
D-(glycerol 1-phosphate)_352,4030.973621,202.7894727,7351.435647,5856.860142,8796.611183,8054.009576,4290.004095,8897.82958,9844.098134,0.001443681,7156.625999,12084.75638,9803.456907,7781.010107,10965.95774
D-Altrose 1_270,0,0,0,0,0,0,0,0,0,0,0,0,0,0,67500.39557
D-Altrose 2_338,41052.25958,30309.40855,12522.46052,11799.92464,44287.42331,16581.33983,13486.01803,36100.51137,52463.0899,30425.20904,93608.48144,33046.78862,22130.17591,12781.50913,74511.5565
D-Altrose 2_341,3955.538857,115.1619696,888.8912442,1310.71961,1798.066827,1603.287664,1320.344427,2238.294809,1927.67754,4056.482594,3499.565332,1479.715424,1487.072247,1113.738468,2840.584687
D-Arabitol_200,11395.28028,14825.04157,11996.5373,12087.74183,14390.03224,12646.39606,9640.488243,14781.448,14786.22849,17203.12035,13857.35993,18276.89515,12492.35164,9939.691879,14966.81464
Dehydroascorbic Acid 2_253,64240.66641,29767.63725,64195.64568,67197.69556,47007.02325,41689.6338,156029.4809,68965.97179,46824.29116,23733.67175,31783.42557,0,0,0,56862.23999
D-erythronolactone 1_94,33942.9645,4778.126905,30316.91649,24347.37639,24575.47475,30535.07157,865.9577066,1194.51168,30212.11495,3938.729676,17076.35814,16739.9029,17291.76455,30118.721,21241.38565
D-erythro-sphingosine 1_344,0,3578.748033,1829.463613,2006.301852,0,2510.413409,3041.634212,3295.561285,0,0,2530.326685,2827.504433,3012.971176,2174.862682,3827.579685
D-galacturonic acid 1_286,17431.84141,17250.01036,11479.37479,8028.432447,7841.702013,6842.984504,1694.420381,12234.9828,13263.75489,14879.79581,7111.964836,0,8174.923075,0,8240.967219
d-Glucoheptose 1_393,196424.381,0,201574.6148,165791.6761,0,174725.3498,190933.3087,231275.3616,219108.121,232743.5424,206527.7218,364.4158511,243765.2236,157159.3608,0
d-Glucoheptose 1_488,27537.96342,15504.32902,23816.95982,22266.3137,33699.8699,35038.79767,24761.09308,30172.43808,32675.82699,22716.55215,45026.87222,34812.78717,43485.88441,31613.0774,41978.2087
D-Glyceric acid_84,391002.9954,1148997.365,702694.4014,741899.1055,440700.1838,298198.1276,483798.6438,178754.7881,342301.3557,563343.3006,343524.6181,335129.5267,704728.3599,208471.804,441342.0037
Dihydroxyacetone_62,11831.16612,1143.423313,6884.869834,9327.37037,9291.06431,5730.839815,6006.894091,4025.278086,7571.780133,863.2999179,5640.355001,5300.071257,6297.338974,4579.924829,8474.869626
Dioctyl phthalate_444,118426.6612,95042.01812,99470.76279,101193.3097,122935.5688,110394.9977,100256.5182,170613.0754,167594.6335,110304.7072,155573.6159,143825.6497,142454.3391,108300.7228,160389.2976
Erythrose 2_277,0.024848277,0,0,0,7553.962951,0,0,0,321.4573324,0,0,0,77.67529948,460.814635,0
Ethanolamine_67,500714.1221,1091971.962,182247.9922,118730.4214,832752.5623,408563.3446,324557.1997,288119.7983,923430.7679,1417819.769,926170.1345,1165568.57,853390.5957,487242.2176,1038959.808
Ethanolamine_83,6192.480416,14530.35687,14571.90591,10503.57669,11283.61761,10394.60618,4648.459374,3822.885768,9310.657824,32913.9291,27987.28866,27403.79921,19846.00811,4324.693119,13553.11182
fructose 1_186,9566.815376,11112.159,9495.085507,9340.3605,9288.65904,7212.981946,11876.22515,8870.737524,10582.08521,10758.60081,9111.201549,7766.948653,6858.194792,8296.713111,9329.699752
fructose 1_261,0,0,3135897.456,4909405.442,6992905.373,2463450.153,2012759.408,5363269.755,5717533.301,0,5736662.462,2980048.792,6143953.384,1800040.95,7807921.119
fructose 1_262,0,0,0,0,0,0,0,0,0,0,0,0,0,0,8381258.94
fructose 1_266,0,0,0,0,0,0,0,0,0,0,0,0,2404.68004,0,0
fructose 2_264,6640438.58,0,2396574.989,4255104.177,8763623.673,1926048.642,1677195.215,4643251.866,0,0,0,0,0,0,0
fructose 2_265,0,0,0,0,0,0,0,0,0,0,0,0,0,0,0
fucose 1_195,3873.016341,0,4195.182559,5363.922277,5027.654645,4595.756542,5828.345344,4626.946253,7721.670048,2716.148255,12125.92643,0,0,3702.055658,7182.395495
fucose 1_199,91959.82544,91128.31467,83272.59346,92243.65474,109044.8206,90285.13012,92541.78812,105057.6531,110382.5303,107770.1002,126995.0877,120980.0689,102071.4657,65341.34623,126121.086
fucose 1_202,4464.461675,0,6494.67265,5912.730002,6498.383066,5509.830931,0,5738.127169,7068.376435,15395.14876,8694.999588,7450.861512,6579.941413,3255.007642,8329.131426
fucose 2_208,0,4576.275922,0,0,0,0,82.09450292,355.0082663,3104.550226,4770.124955,0,0,3449.520203,0,0
fumaric acid_87,100006.1601,1683976.762,168329.381,150761.7526,169765.3288,156316.9614,257575.483,172724.7699,276491.1659,1408685.698,202479.7921,193797.6305,189314.4385,352886.5409,681625.631
Galactinol 1_535,35700.93367,0.115352927,27154.98867,34844.60458,54022.996,42210.12299,41955.85633,62427.4222,49507.32744,0,57265.70807,57010.84806,42119.22032,31725.66489,82214.33122
Galactinol 1_564,1737528.725,287163.9737,3244020.974,3135789.245,4298067.836,3219951.977,1728550.579,5912670.191,4890323.435,374764.2321,3354241.997,3366785.233,4428758.354,1645617.656,1982610.981
Galactinol 1_565,15501.15823,12666.70525,15854.12138,18513.40654,23623.4061,17265.54541,18084.44868,0,23180.26771,15110.13321,25575.64384,21015.3914,18250.73913,12419.18066,28895.86594
Galactinol 2_549,50171.26962,14143.56352,101034.7588,80554.09868,77250.233,63783.65816,44671.82115,68334.66833,63825.8952,14924.12775,60485.66844,58661.00846,69105.56017,42406.72455,1273.073477
Galactinol 3_313,18918.22382,24651.482,12970.19539,21289.92535,21099.73836,17564.98319,34038.29037,24180.13985,25721.24098,33861.87144,26955.59418,22132.79619,24069.15336,31381.40419,42521.15693
Galactinol 3_378,5746.568297,5549.416081,6304.47058,6080.396009,7001.696798,5994.396239,5874.756916,7802.313637,6210.736177,75199.37505,6726.719345,8406.343191,6355.835146,4914.911712,9234.221793
Galactinol 3_407,45139.70639,43095.88765,23497.28326,29859.17657,41125.7543,26721.09478,41686.02119,40407.85454,28081.20919,0,21231.07988,21597.54404,21240.98161,25084.68928,39035.46979
Galactinol 3_427,61337.01781,54879.42798,51771.88691,56360.29595,65166.13359,2410.921107,64661.02479,60467.05327,58618.78745,58942.8445,55676.75206,54680.50802,61326.50581,41198.47728,74813.61035
Galactinol 3_441,117233.8979,121535.3054,74866.29364,96123.42309,195068.1717,112665.282,147358.2045,233556.6247,180933.9524,154574.4039,173545.8044,113990.7908,97872.59836,137378.0486,210026.5898
Galactinol 3_449,4088.834368,687.2283691,331.0602032,0,0,3413.249446,595.8770453,0,497.2242485,10958.31042,16015.1884,0,13872.01844,1631.135382,0
Galactinol 3_461,11518.30848,8071.422906,6907.532887,14835.06866,17355.75251,6824.630431,8569.774717,20177.68925,2935.472095,0,0,0,0,0,0
Galactinol 3_464,4660.214134,6782.824456,6741.902075,6992.835405,7271.943765,6628.301805,4975.931309,6881.713609,6821.868454,0,6879.702675,6365.310826,6957.032545,4370.746516,6757.112031
Galactinol 3_468,341913.2346,20590.1737,328604.2457,54870.85661,0,35073.52335,52439.7519,74496.71651,224499.4346,16098.93852,294056.6509,209114.4091,58404.21997,0,0
Galactinol 3_480,0,3502.827125,9199.699455,9250.742101,10998.44872,0,6416.516424,0,7453.872386,9798.164136,0,8371.535375,8172.765448,7433.335016,11247.37376
Galactinol 3_482,6094.956411,13079.67846,2474.986602,0,5024.429332,4505.16077,0,3772.066486,5467.42328,21749.0536,11157.75746,10531.28721,6627.622446,0,8443.054612
Galactinol 3_483,18291.3129,50863.57565,14948.43999,0,32028.01816,17557.81057,16079.27442,26775.90582,20019.10766,69299.31159,32312.03546,27866.69587,23455.31646,13388.8905,38293.50975
Galactinol 3_492,25131.93921,1918.688637,26870.73639,21413.37469,30429.68125,24726.97652,18133.48122,34027.06588,27235.70478,47684.17061,46482.77525,43551.72479,30632.24604,16787.91862,8044.055509
Galactinol 3_499,1632.280962,0,1875.342277,2055.006162,2661.041274,1789.054261,1437.20382,2155.204006,2320.791355,0,2952.22,2887.001295,2356.757627,1107.04947,0
Galactinol 3_511,193488.3627,195304.088,300724.69,0,189221.3509,241419.7869,65981.6605,182671.6324,321191.9071,292565.5986,411872.0598,0,265741.4271,39197.97756,0
Galactinol 3_515,215031.7024,510224.5813,724658.9246,289114.9723,366354.7265,874494.8784,311977.3653,433215.4061,867038.4512,1465499.987,2200608.31,1041561.116,1148847.785,152310.0844,448379.7606
Galactinol 3_531,3159.182428,8443.479493,9871.685755,947.954287,7457.157737,8900.164537,3016.393448,11037.60539,20475.86087,35856.92134,38988.10095,39250.32153,14184.28288,2069.904808,17865.12575
Galactinol 3_541,0,0,0,0,0,987.4807902,0,0,0,0,0,0,0,0,0
Galactinol 3_547,30476.40575,20730.36774,27202.5651,24933.66426,37769.01508,26142.67476,34144.90104,34618.26833,32729.8659,0,28867.70357,28463.63202,21558.5885,0,39443.32005
Galactinol 3_556,1631.902172,1115.967614,4844.331826,1640.625842,1187.19357,5765.731919,4234.50955,6499.460792,0,0,562.561358,11406.73085,7087.506689,3830.905867,0
Galactinol 3_566,398096.3468,151631.859,743768.2106,558178.0903,567073.7964,570821.4425,439250.9342,565916.6016,772906.8842,191653.9686,559852.4187,589794.0661,644746.3326,361834.6712,545337.999
Galactinol 3_572,1633.886233,1750.86594,1687.633537,1852.699956,1975.423657,1909.032131,3247.296892,2101.98148,1836.393737,1339.810811,1481.867222,1259.68137,1322.037866,2090.903204,0
Galactinol 3_592,0,2601535.867,791661.2851,0,0,0,748790.5603,0,1571638.49,2743392.498,1714987.25,1940355.443,0,1005303.429,1378819.466
Galactinol 3_602,79828.85653,28946.60027,252365.1859,171443.9853,72869.00567,156750.177,37757.47326,90671.36132,221211.483,42995.02478,48736.37495,92499.89959,175600.4202,36391.48509,57397.13339
Galactinol 3_605,0,0,0,0,0,0,0,0,0,0,0,154586.9795,0,11045.17828,0
Galactonic acid_215,27070.80332,52744.75468,41487.6111,41102.46999,44667.67745,36208.20279,26441.84431,34716.60936,39414.92776,60863.40525,38629.09163,43897.34541,46933.654,30721.95379,53272.45693
Galactonic acid_218,22018.62363,77467.36818,36997.6967,33123.10152,37982.13121,30070.8488,20704.21162,30047.57943,36257.00566,84421.94535,36704.88705,38741.03703,37041.96238,24653.50113,43587.62516
Galactonic acid_227,11168.55269,19474.21728,11449.87616,11873.36716,16057.67679,11697.79628,9925.70909,16100.88875,13041.83467,20644.77481,13574.17646,13798.33299,11143.84387,11987.11853,19230.77066
Galactonic acid_301,14189.36866,31078.78552,23464.58449,24073.21119,27660.13147,21708.59936,10826.84385,24154.65673,19021.45472,30180.91595,27440.43479,25409.46688,23412.52099,18193.39242,30221.49946
galactose 1_267,0,0,0,0,0,0,0,0,0,0,0,0,0,0,0
galactose 1_268,186840.6214,60099.19512,0,0,238692.0744,106429.6098,63965.91399,166154.763,181163.0993,126302.1119,189674.373,166644.3848,0,0,0
Gentiobiose 1_503,10940.00365,0,15052.58878,11463.33499,13312.93686,15319.29589,8712.578788,15771.87135,0,3652.348169,0,0,16235.44092,8864.436499,22876.64122
Gentiobiose 2_432,0,0,2.125129447,0,0,0,0,0,0,0,0,0,0,0,31183.98403
Glucoheptonic acid 3_241,190937.0841,1981130.145,139272.7897,623590.6953,1214937.194,90832.38623,138573.7617,284609.3774,198264.4409,2550309.239,185360.8039,144496.0341,327748.3416,91191.0023,766370.0339
Glucoheptonic acid 3_389,0,0,1182.821881,984.4119034,1086.364002,1092.430389,0,16.76594185,47.39673861,119.1170521,1691.443977,1672.86256,1608.518939,1185.517597,1114.590759
gluconic acid 2_293,7633.799156,13245.68466,3825.30527,7403.167003,12279.0634,2889.811716,3454.106731,6820.02114,6885.751093,10793.98718,4457.699843,3564.944486,8744.825349,4043.361726,10279.44826
gluconic acid 2_418,1537.585641,6127.700835,1166.867971,162.7891814,2273.09043,1663.132446,1529.71087,2078.287831,2459.300195,7297.895347,3070.752193,1657.152841,2387.680411,0,2672.795891
gluconic acid 2_505,0,0,0,0,0,0,201.602546,0,0,0,0,941.9870862,0,0,0
Gluconic lactone 2_311,12842.53198,53289.52117,7563.839611,0,28260.7194,0,7896.190421,15322.02436,18338.58165,59194.9955,21341.28644,12456.94528,14570.02892,7893.125155,33992.06644
Gluconic lactone 2_473,29210.51833,51060.3728,11112.27827,8550.739198,21814.85068,21911.26153,6088.703163,16055.93153,32548.58794,76895.43852,54430.78375,64136.10709,43404.79057,11808.21512,42132.22916
glucose 1_269,0,0,0,0,0,0,0,0,0,0,0,0,0,0,0
glucose 2_292,4407.126688,5203.383523,4937.180392,4921.643199,6255.3252,3785.032317,3790.936255,5422.738935,5621.043314,7404.779653,5928.432734,4983.187804,4632.817889,3256.319889,6034.600625
Glucose-1-phosphate_129,0,0,0,0,0,0,0,0,0,0,0,2273.813447,0,0,2242.467698
Glucose-1-phosphate_220,78915.99808,45063.59267,87492.2527,102108.8555,125684.0277,105239.5958,142341.2711,163169.5678,133738.4677,71982.40132,134346.7849,139120.0104,134598.623,130434.0006,194657.3407
Glucose-1-phosphate_248,6579.428233,0,0,0,0,3348.595313,0,0,0,0,5266.786728,5649.221452,9602.326451,4715.405797,19064.66863
glucose-6-phosphate 1_382,3686.926939,382.8593326,6942.375474,5781.683707,6930.25075,6435.971043,3706.771697,6253.925507,4775.564989,439.2043351,10515.36902,9207.738346,8003.073012,6122.195042,6902.427509
glucose-6-phosphate 2_388,535.6634375,0,0,0,0,0.063754993,164.4450791,1130.623412,849.9505821,0,26.54669706,0,112.7287673,73.10986924,21.92632453
glucuronic acid 3_289,0,0,0,0,0,0,0,0,0,0,0,0,0,0,0
glutamic acid_166,185136.6683,21785.68891,633067.8493,441555.6553,450764.5708,440275.2786,294974.272,391206.2385,558498.3314,39919.28049,382534.4354,481945.5648,464325.4627,471043.3157,444362.636
glutamine 1_224,0,591144.6207,15214.74395,13158.02649,31636.29773,19563.73,11841.13392,26295.26816,46535.26636,1206101.926,20742.4878,89677.55733,46084.30358,39595.35905,54720.34659
glycerol_69,323175.9494,3232462.963,102319.6805,83562.47143,422033.7989,162984.3438,119100.7999,100595.4252,332885.6053,2766388.453,340653.6502,666751.6497,517489.9774,210117.5109,422850.9072
glycine 1_36,26224.25272,313627.2673,988.9452058,6685.46134,19923.83173,16825.25704,5388.496342,22798.5355,17881.0922,276207.0647,677.9536314,18523.35859,11951.278,55909.10923,11489.75258
glycine 1_8,123098.2352,136659.1196,61569.38431,0,96935.27344,66724.12585,37820.84449,27669.93942,84362.9502,159091.6803,86086.22679,99561.27499,90150.28069,130659.3301,130113.1118
glycine 2_57,83474.07534,83203.30343,92337.23647,74551.9688,84929.21403,81900.60275,67513.88833,80148.98218,89055.05926,76452.54687,85191.19491,221468.3991,209729.1431,190345.6826,190301.6351
glycine 2_78,101156.3049,2896965.889,159466.576,179176.1156,369590.736,205406.9584,109550.8147,537794.0255,364005.1765,6266839.016,219306.9805,390721.2139,205490.1225,336448.4592,276387.0142
glycolic acid_22,18365.81038,37368.58125,24770.24132,21670.16989,32346.70649,16086.99704,11157.49084,23470.12104,19926.92381,36364.14459,24650.59719,32719.79657,19823.05944,20170.4214,27847.19023
guanine 1_337,0,150585.4246,0,0,2114.54922,0,0,0,1417.645128,199111.0228,2395.861079,4156.999864,2735.251502,0,3884.576825
hydroxylamine_34,0,0,989.6814114,1878.754991,1045.604505,1275.580504,1153.14246,1348.063141,1224.997627,0,1268.053966,1319.432143,1414.495357,936.2573876,1088.110251
Isoleucine_71,40412.0859,2605516.852,28575.06659,31006.51123,27086.46336,15704.35705,38038.94412,37889.01013,20584.41061,4547106.176,75008.97134,54324.892,28808.63275,60566.08544,29233.43486
Isopropyl-beta-D-thiogalactopyranoside_436,6775.763603,8605.609662,3885.356849,0,4698.090317,6784.357998,6012.054996,5770.659722,4216.331091,0,6627.488093,3538.270306,0,9848.05207,0
Isopropyl-beta-D-thiogalactopyranoside_510,4858.560826,9252.247034,9602.606548,9105.494635,6897.647263,6650.571792,2907.45472,5969.696836,21338.50559,20714.70034,20954.1876,16829.17719,8422.381895,1791.488983,9195.906694
Isopropyl-beta-D-thiogalactopyranoside_585,7254.678254,6248.460268,11996.47801,10694.30763,10496.90917,12420.26771,4728.878118,9700.505782,11620.1244,9443.432347,2019.435902,1478.360719,10229.52033,6642.304467,16125.4751
lactic acid_15,23268.37282,18517.98652,28828.09627,31708.49845,23148.57585,19575.30482,21394.81444,31354.35183,27150.93841,28767.6834,25150.12887,27255.29557,30080.43574,21035.01069,23887.00965
Lactobionic Acid 1_433,20145.67563,9333.286284,7852.972684,11512.18056,18787.04718,13817.797,12603.61862,0,12528.52738,8069.741075,19626.54505,0,11844.47627,11528.44166,0
Lactobionic Acid 1_456,9535.008851,0,0,4911.372426,9327.648364,13069.67209,13400.54835,11579.03988,6886.094975,3952.060823,9408.491051,7032.716504,10023.10936,4972.734895,10448.55726
Lactobionic Acid 1_513,3782.216792,3981.313401,14150.39544,11369.90242,8371.397275,8563.537527,2218.443188,5709.659925,6940.683176,5054.484731,11559.05561,6588.581823,10461.12128,0,0
Lactobionic Acid 1_571,0,3147.025376,0,7598.775981,11.74682706,0,2857.150124,63.21257354,3.030545745,4757.569931,0,3273.18762,2503.195729,4696.80207,275.2684877
Lactobionic Acid 2_530,0,0,0,0,0,2875.242509,0,3319.740313,0,11623.16136,11863.5737,15342.99791,3687.638375,0,4782.195116
lactose 1_404,2386.087348,43095.88765,320.6313704,0,0,0,0,0,0,0,0,0,0,0,26558.23921
lactose 1_405,21009.80106,20087.70141,10405.9529,15277.0886,25749.03301,14824.63823,18124.22053,28169.95417,0,0,0,0,0,0,0
lactose 1_430,0,0,7761.821626,7404.4542,9527.007178,7013.025351,0,9485.881611,861.8806742,8604.60028,11413.72466,8605.805764,7751.378687,0,0.395351363
lactose 1_439,14242.01865,12253.46067,9789.554432,10352.18908,14678.2732,10616.15363,12257.37012,12736.58504,0,0,14015.94717,14531.55111,11069.53957,8255.28242,39.74884361
lactose 1_477,0,5830.759194,891.004762,0,0,0,0,0,0,0,0,0,0,0,0
lactose 1_524,0,6729.354798,0,7925.251143,8230.176832,7444.688672,0,5960.431748,5971.950414,0,14061.08485,9356.82577,8652.940439,14818.02568,8285.164103
lactose 1_545,2751.164734,2198.217192,2263.103931,1897.115746,2661.715702,2474.611262,0,2619.455222,3425.692991,2793.045564,4737.228629,0,2656.418574,999.4432799,4909.580937
lactose 1_608,7699.14055,17835.14195,13509.02793,11785.6205,14886.10687,10128.63393,5165.490734,14848.50791,12769.57999,22579.37084,15702.22214,13545.91829,14930.06415,9416.517869,18542.69556
L-dopa 2_365,0,19024.26711,0,1324.384259,7314.076874,0,0,0,3613.974442,18317.56512,1843.430429,3014.877341,5936.594276,1684.540233,4821.278097
Leucrose 2_554,9089.460466,5820.778612,0,7477.473719,6856.222057,0,0,0,0,0,54.66381372,8291.742686,0,5711.772393,11013.36279
Levoglucosan_192,4138.14877,3755.938692,5043.158639,5560.102704,5748.203692,5886.333404,3922.548485,7349.110235,6449.409213,4504.998289,7426.468334,6590.723933,6499.289458,4856.51685,8412.87475
Levoglucosan_546,86555.08626,64599.50834,59193.8718,65184.03644,119819.2271,112930.941,25885.40552,107612.1106,72159.14439,103713.0063,183233.0194,144325.0812,114560.9037,25025.50714,201464.1629
Levoglucosan_550,0,0,0,0,0,0,0,0,0,0,0,0,0,0,0
Levoglucosan_555,0,0,0,0,0,4928.825403,10115.00382,6188.340385,5615.821298,0,0,0,3340.620927,0,0
linoleic acid_357,6868.85051,76517.19771,3241.37075,2109.152943,6241.961389,3981.020796,1562.010834,2976.370819,7598.213978,88901.99408,5624.7302,9743.144381,10008.74425,2540.015257,3751.622671
linolenic acid_308,28572.51229,804678.3258,6488.936292,4033.066662,21156.58464,10498.39368,10352.31761,5490.287626,23570.45052,657701.6339,19705.46806,42585.78851,31479.12211,10595.53918,9592.958544
linolenic acid_360,428827.4611,5065853.253,173010.711,112603.1133,381055.8761,225883.2699,190806.7698,186365.8324,441153.1994,4640547.714,358929.7461,603541.6923,553120.2219,206354.2755,261723.2232
L-Malic acid_118,58326.34045,26377.49909,66109.09641,55372.80004,64300.18624,60609.72928,51198.68078,69750.88158,58542.47479,29861.48713,0,63971.84884,58232.58889,35882.80165,62437.78941
L-Malic acid_119,789870.678,885578.817,976071.8125,909118.4977,1074734.851,904134.8272,849390.924,1101980.677,898082.6278,1008548.75,855565.8339,1053279.433,932467.7192,1120639.732,1011441.263
lysine_282,7084.702667,1366207.165,15759.13283,14398.97527,27207.11207,9714.903017,11761.41789,18129.16374,22846.60018,2755518.421,23079.56681,39557.71152,24384.01231,11001.70217,32916.63075
maltose_495,0,0,0,0,6330.473695,5599.846771,0,0,0,0,0,0,5501.751453,21822.67022,4214.261969
maltotriose 1_540,0,2480.979861,3998.355158,4614.86794,4504.953204,0,6130.107256,6190.314945,7808.736571,0,0,0,0,0,0
mannose 1_272,4365574.435,0,2327776.634,0,0,1949264.629,1908405.9,3848665.263,0.009680061,2960582.163,3154437.341,0,36452.988,1985307.481,0
mannose 1_273,0,0,0,0,0,0,0,0,0,0,0,1375142.997,0,0,0
mannose 1_274,16.88893521,0,0,2551.460096,0,0,0,0,14.30816053,0,0,0,0,0,0
mannose 2_279,620231.7038,1018245.396,244920.4248,502557.4201,903287.5514,219944.1032,212299.372,475681.3168,494341.9746,705762.2476,349542.5055,253480.0529,666599.5397,213862.6324,839502.1377
melibiose 1_525,3887.382153,5420.413025,3922.80499,0,10284.86829,9132.903834,4186.742284,10230.91519,5475.845071,0,10073.87497,0,0,0,14193.1716
methionine 1_132,2398.99822,392834.974,2324.879355,1481.686701,3674.521336,2204.323668,6179.269813,2793.97853,4610.620175,825145.3702,4445.801991,12708.45278,4422.530489,5588.432781,7104.861128
Methyl Phosphate_49,71826.362,278333.0129,297389.2572,184715.1933,258233.017,154177.7453,40284.24328,186828.3629,160448.517,310791.6369,124123.5572,297580.4033,265384.4991,82546.32753,178903.2067
Methylmalonic acid_24,49417.08729,101141.3939,86631.45008,33946.52525,71358.76134,54590.39033,32414.48775,64285.86546,84223.11176,127319.5931,99154.69427,103050.0681,52468.92722,18577.32501,65668.50968
Methylmalonic acid_367,0,0,0,0,0,0,650.942033,989.5068532,498.050967,0,1144.794957,0,718.6174942,489.4785034,0
Methylmalonic acid_77,1480414.784,2105830.517,929076.5079,460012.3014,1074470.789,2550547.451,2699525.4,2991543.57,4070918.568,5155090.081,3839956.728,2716811.674,2772389.129,3965831.831,9164774.391
Monostearin_509,625094.1008,468966.8963,513368.5936,431187.7579,565115.8517,583183.3225,432348.1191,653555.6957,647161.6454,524711.1205,697217.139,699467.688,628515.285,545251.6388,707272.8659
Monostearin_559,17722.7168,0,13566.37205,11989.66526,20746.53699,18552.25769,11493.72845,23461.54075,14361.93355,18373.63891,32537.79714,26328.34877,0,14094.39423,39931.27385
mucic acid_316,0,2696.439133,42.10318657,2052.594857,2345.555153,263.6538257,52.13827244,490.3997252,215.0026765,4692.14142,1457.496673,3617.023363,83.75256839,42.05308742,421.2034039
myo-inositol_327,600934.2332,3735911.682,833526.5168,544299.1325,737584.0492,515172.8279,304857.7615,520265.2415,596749.9069,3715732.278,497286.6716,873952.8634,802201.1225,462476.4636,1056494.114
N-Acetyl-D-galactosamine 1_324,1667.103629,18444.45727,1921.773955,1491.773881,1467.651079,1403.376484,695.3166169,1483.596864,3428.402859,21226.43711,4663.800401,3695.421856,2112.478035,703.2573293,2004.475846
N-Acetyltryptophan 3_356,332260.7907,217719.117,278924.6042,181655.7632,153826.7092,234218.755,187413.166,185867.8034,213519.7597,337819.948,257204.4025,212930.823,141839.1447,101447.8907,73200.136
N-alpha-Acetyl-L-ornithine 2_46,32510.83926,1304381.528,205953.9351,100081.4015,63009.35281,25986.51315,63374.85083,48173.37902,73323.23905,2058325.756,75846.7823,122689.3633,59797.63636,36144.3476,112180.8164
nicotinic acid_75,0,35242.05038,0,0,0,0,0,0,0,0,0,23943.58006,18431.77067,0,0
N-Methyl-L-glutamic acid 3_139,10766.3386,26933.72448,25945.62414,15666.19274,21237.44913,19850.30949,12976.68532,60180.24066,22546.2427,71545.22425,34606.29984,39103.48837,28938.78016,18674.00078,9612.152956
N-methyltryptophan_194,0,0,0,0,0,0,0,0,1540.821438,0,2542.393212,5132.661286,1887.38644,0,4610.781258
noradrenaline_149,10979.75124,16286.58028,10166.76017,14210.46585,19883.85924,11035.08176,12954.5527,27299.7824,26800.35569,36076.03321,17793.60858,25996.00692,15977.92184,6308.312239,26907.03217
noradrenaline_312,19840.46381,35791.06804,27245.53281,75924.56274,84787.16546,77389.2771,47333.54562,93772.56829,95328.98578,169928.3515,134248.7211,144445.3038,130623.8714,26240.58039,203682.372
noradrenaline_345,4336.766381,19485.06512,3421.092675,12229.25216,14849.15903,13276.83517,19112.89921,23058.62759,17204.04365,6798.826064,23630.03789,35889.53472,25820.66845,6905.083728,33620.85049
noradrenaline_364,0,0,0,0,0,0,0,0,0,0,0,0,0,0,0
noradrenaline_51,6711.96821,29366.70098,78331.91141,74044.97583,3760.834958,4297.969463,20012.87751,3542.661923,32482.37749,17645.48952,6121.788002,3431.797334,9363.544547,0,0
Norleucine 2_11,3465.872942,6106.988344,3085.260791,0,3478.472734,2568.36417,4741.114364,3696.147368,3211.033785,3917.887535,4230.491043,5659.215721,3570.80553,3837.768833,3662.282079
oxoproline_133,53959.93117,377171.4267,109406.1516,129208.8809,117458.7788,117553.3895,101620.6618,128401.6761,153685.8771,549192.84,141243.3754,166656.9562,155288.7114,109271.353,174299.1478
oxoproline_205,2386.422142,7411.58407,1687.01481,1999.127735,3124.806895,3422.173846,7767.367205,4677.172606,3762.34088,0,3569.544032,4570.855883,2571.77783,5816.188993,7910.056066
palmitic acid_317,5143888.348,4013764.753,373903.998,243732.2534,422233.6916,288267.2492,193537.2938,309641.675,427226.3516,3251571.3,362916.8086,524801.7905,493120.0144,229369.8645,304821.2509
phenylalanine 1_169,45292.59879,1497332.603,81933.56665,62704.39715,91643.60066,53698.84448,65448.11456,79298.58095,84663.76394,2522643.104,85074.05028,124796.6749,69719.51296,59608.81135,99800.06605
phenylalanine 2_147,28882.42402,147172.2195,34722.49608,38388.09001,45798.56551,29279.78501,28111.58591,37448.95735,34677.06854,136114.3159,71683.39121,41835.84573,32958.31859,15421.79348,40274.00161
phosphate_68,124389.4934,3416378.999,960727.7227,920594.0611,1900907.872,891480.8763,125708.1069,1023631.18,770917.3913,4142714.516,1130094.912,3069268.02,1802482.83,1480385.42,1976791.183
phytosphingosine 2_247,1048.018168,0,851.8377051,0,0,1594.394167,0,1913.728043,914.1168256,0,2857.55938,2379.667914,3127.696871,1287.336848,2219.501487
proline_74,11955.53745,3112202.263,11362.9764,6666.311001,9988.438555,4690.331911,0,6610.917049,3894.127021,3946017.091,15960.46006,18563.34359,20805.88153,8642.840551,11454.07981
prunin degr. Prod. 1_517,1936.710575,792.851756,1320.555828,1675.289142,0,0,0,0,0,0,0,0,0,0,0
prunin degr. Prod. 2_528,0,8809.306341,0,0,9684.277624,6567.304451,0,8963.88765,8861.317681,0,15733.29065,14603.46436,10860.4322,0,10363.0007
prunin degr. Prod. 2_533,10393.8948,0,10368.20791,9909.963939,15291.2841,14180.71779,10851.34962,17468.07818,0,0,0,0,0,0,0
putrescine 2_210,9316.78003,24557.18728,25977.34864,39995.87439,34165.01684,12489.94268,12397.86912,24658.9052,36346.31212,30863.28702,12463.52686,17296.65772,31535.60395,3597.888945,11724.22985
pyrophosphate 2_58,0,0,3708.603553,3985.757649,3317.096853,2502.526346,2014.570199,4327.515098,4230.478466,0,5084.230892,6711.226253,5237.309273,0,4563.035169
Pyruvic acid_12,11391.98262,11289.40512,32772.19589,25224.81719,36152.44349,24806.39777,17765.27933,36854.69256,26275.4096,15294.00207,25465.87241,42698.23084,36285.06564,16402.377,24747.80183
quinic acid_259,2354178.952,3046748.312,3715590.61,2993817.84,3135562.224,3164647.127,902092.8761,2106209.638,2881344.796,44123.80915,2049036.51,2228235.019,2872404.635,1783900.845,20693.02535
ribitol_201,171685.5609,222335.2624,160865.2504,164511.3761,194808.2972,162899.6666,121764.6305,270682.0501,188419.6908,192682.2389,140259.2024,96751.48799,96508.69388,147165.79,124850.3901
ribulose-5-phosphate 2_379,3500.46759,5.014179132,6839.051823,8012.841451,6608.956353,6073.905574,5010.849206,5359.612386,3967.929182,0,9094.50653,8149.118486,6743.642998,10067.92721,7078.778602
salicin_551,14129.82407,3201.479158,15878.01488,18092.13623,0,24801.8521,10219.02994,17613.13711,45311.15875,0,120971.2089,51405.15205,17559.87792,1870.506283,60749.83275
salicylic acid_128,3225.833545,71590.35548,1594.834985,1559.629912,5924.744489,5386.715709,1908.261367,3851.693474,6258.949131,168904.8376,12252.86349,13613.938,10173.94093,4816.004455,19107.65693
sarcosine_23,7871.838923,19849.44167,7294.71772,0,12119.08048,5889.595812,5329.626039,3585.948971,7915.756446,12989.28485,6206.610126,9793.124144,14060.95575,5560.217592,2438.544414
S-carboxymethylcysteine 2_228,2667.418003,6869.647408,2268.026499,2479.307311,4623.331636,16358.4245,29209.88069,4116.272204,33514.6006,47870.60003,33961.2421,205849.1186,27122.59521,24649.7178,16656.75567
Sedoheptulose_174,1118.937635,10883.76137,9677.777424,4228.999332,0,5797.766167,3300.348242,6719.060091,10660.71038,16268.02981,0,10473.77562,7828.259229,6467.902201,10651.3135
Sedoheptulose_196,2315.537901,13541.22893,3572.395794,6853.654472,9307.887705,0,0,3821.186868,4043.665982,18814.15815,4103.562792,0,0,0,8563.312734
Sedoheptulose_307,14197.95644,24982.06656,14483.80217,19261.90159,25821.60293,17418.33508,6514.874763,16551.9244,16304.34558,35680.45159,27516.92661,17662.2236,22380.45782,6922.453509,35683.51017
Sedoheptulose_419,34915.48257,31912.86931,20564.31725,27574.28897,41628.29973,4103.194856,19378.75132,3319.11881,0,0,68866.08199,45675.58443,50601.44379,17187.58438,66835.9519
Sedoheptulose_442,24097.68991,16905.80579,13086.54591,17533.55241,22680.14002,16538.67301,23208.43262,20543.1471,455.6693927,12475.03295,0,0,333.821105,14117.48901,25610.22979
serine 1_89,14356.07443,213749.8929,17312.26066,8477.344036,8132.05242,6909.237133,4843.071414,12165.75439,5406.569677,182185.7361,17421.78193,13291.82475,19346.03194,24959.51176,13066.97027
serine 2_66,48829.88509,132539.779,94027.65109,79854.03886,122829.9388,84679.19118,42919.62199,99158.94856,101758.1372,90004.7728,75971.41508,136848.2389,132901.4099,90356.51369,98155.21882
shikimic acid_239,85541.05878,173233.0758,91185.80487,88181.54554,123370.1275,84510.86572,67500.00228,81941.14174,96881.5873,216305.7321,95496.29408,114579.5078,117790.8487,73849.36977,11438.69708
sorbitol_283,9463.712933,10524.13172,12814.40193,10683.46087,16650.48077,11551.27373,9461.87728,13459.75878,17063.76315,16093.98207,13667.53266,17924.19448,14733.38817,12598.452,17086.00459
sorbitol_287,0,4862.241763,1461.722482,2944.00609,4717.812471,0,3529.169302,0,3665.91518,16093.98207,4060.900595,3933.783928,3904.163676,3832.08966,5177.887373
sorbose 2_297,25466.73626,56058.89731,43174.2304,39552.37106,37333.83814,27955.40212,20858.24886,39279.70282,38523.21307,63657.28261,32100.66673,33751.06868,32651.23865,19139.88448,38389.17248
spermidine 1_371,0,59.65424809,1667.461673,2156.356066,3009.149339,0,1744.228554,1982.559758,2084.734614,153.0537208,0,0,0,0,2332.69831
stearic acid_368,8351425.866,2064357.004,529575.3886,330009.1412,347001.7142,261678.4195,195349.4177,274382.7304,280877.6479,523886.3885,276675.1822,311234.7516,280747.363,199156.6721,243571.688
succinic acid_81,2002418.093,833399.2148,1334931.135,1414680.146,1064619.602,1417289.376,2598195.4,2082985.769,2313680.327,626761.2733,811017.2788,823013.6891,987281.0893,2211141.745,729197.8916
sucrose_467,2027.463716,0,0,0,0,0,651.2678969,118.0284955,7.561638312,0,43334.50064,0,0,0,27695.30158
sucrose_469,112.1325993,0,5164797.026,4519584.386,5348397.324,5016900.441,4435980.575,5553236.576,4580169.229,1395.293319,5192740.495,4385868.383,4660703.726,4790043.733,7453834.314
sulfuric acid_54,183508.2701,977863.3236,685990.1704,526165.3213,382818.9096,374613.4833,192480.7823,259860.2878,312032.8781,911684.0269,333874.5928,365324.5175,369862.3955,207132.3899,288506.5661
Tagatose 1_257,0,0,0,0,0,0,0,0,0,0,0,2390.124904,0,6655.362615,0
Tartronic acid_96,2316.339404,19748.06381,2989.778907,2214.35753,1546.634335,1602.432495,2389.675565,2279.42297,1174.004505,18265.76742,2370.680567,1698.464073,2272.946247,5099.95727,2748.081141
Threitol_124,1429.762244,8926.69957,2125.701663,1972.216191,2257.334524,1732.571164,1316.917685,1836.089864,2964.996763,13861.36394,1874.977992,2267.234279,1493.931604,1764.562218,1807.772511
Threitol_209,104744.4356,166992.5647,157674.8337,148320.7524,152190.7115,107429.5927,136288.0137,129014.7233,122244.4109,162649.8937,103464.85,117734.8064,140460.4693,102494.6841,130732.3212
Threonic acid_138,24248.12042,44229.15373,32324.7205,30994.48096,30668.227,21659.27827,31452.35652,22455.43075,28238.79318,39001.30542,20709.92826,21759.88512,26267.64901,29074.33665,28880.32502
Threonic acid_148,55860.88807,28639.95025,53529.07731,42411.72688,58862.54796,64399.75008,58923.49857,65902.62373,62560.49485,37396.50735,49099.74454,71391.56088,47371.67306,80537.06449,95566.08613
threonine 2_72,18749.765,14.48606047,31914.04092,32917.39685,35174.59474,27238.12625,28448.03404,35027.60562,30750.48358,429644.7749,31306.53193,35558.50605,39376.17134,40154.24577,44719.09161
trehalose_451,41442.81376,7560.478865,30219.27153,30702.12434,68946.34964,55648.3645,13342.76732,61113.22155,71375.85579,24323.12305,192353.8995,157141.4037,84849.32536,12053.62987,143073.0153
trehalose_573,1589.992483,1251.107776,3040.434312,2994.605135,3706.418636,3022.891562,1823.091844,0,0,1716.136417,6633.813684,5826.399698,4499.258468,1993.265501,0
tryptophan 1_359,639800.5819,2066378.147,1304857.809,814396.6942,791917.1387,780733.2774,943521.568,854889.8169,1533502.913,3288355.231,1114682.821,1203783.302,722459.4342,423639.8449,339970.7697
tyrosine 1_288,34461.95167,2098656.081,46201.98231,41708.71795,80077.30153,33944.53377,53245.38478,59910.44752,77864.71949,3638328.496,92418.46864,125269.5748,75214.87075,46280.977,77046.39361
urea_59,0.172183941,0,3140.974277,2067.224559,2047.96647,0,0,0,0,27.98085697,229.7375493,108.4039566,0,0.020562631,89.7533618
valine_56,69848.51065,4123346.4,67615.6309,61927.40393,64325.10767,35805.369,73291.68418,71833.9828,53156.19987,6455116.062,78241.55561,110949.2428,65941.99887,97539.8211,74009.64085
Vanillylmandelic acid_304,2704.35175,7063.250243,2198.202568,2001.258124,3778.388469,2522.100211,1458.755709,3586.51848,3723.200685,7381.267279,0,2942.611708,1616.739699,2281.456162,3363.010197
Vanillylmandelic acid_527,11382.60174,5282.489213,6286.918218,7168.528114,14670.98903,9376.9417,9763.80228,14404.89565,12827.94239,6319.772944,14909.1847,14045.13578,8747.875352,11214.21514,21344.53439
xylose 1_177,119088.8868,127955.5418,126849.3212,157049.4992,238226.5552,102823.766,63538.80194,141082.104,180625.893,136629.8223,219076.0096,101381.7354,246054.4532,38957.3445,425381.6095
xylose 2_178,59411.17587,500547.9205,59918.75929,67646.91415,91480.41362,58326.21549,46968.87071,69849.37322,85271.70818,580943.2022,104136.7416,89842.2494,96760.32566,32481.23888,132467.6129
xylose 2_182,59721.03111,165766.1573,20453.29351,16122.22611,59411.32456,29419.77668,20789.6916,27148.91803,52721.75405,130986.6648,49103.90509,70364.38193,60582.16509,21479.62504,77447.62654
